rms_value,is_day,weather_type,sound_category
5,día,soleado,Ambiente tranquilo
5,día,parcialmente nublado,Ambiente tranquilo
3,noche,parcialmente nublado,Ambiente tranquilo
5,día,soleado,Ambiente tranquilo
19,día,parcialmente nublado,Ambiente tranquilo
12,día,soleado,Ambiente tranquilo
23,día,parcialmente nublado,Ambiente tranquilo
5,día,parcialmente nublado,Ambiente tranquilo
3,día,parcialmente nublado,Ambiente tranquilo
3,día,parcialmente nublado,Ambiente tranquilo
2,día,soleado,Ambiente tranquilo
7,día,soleado,Ambiente tranquilo
4,día,soleado,Ambiente tranquilo
7,día,soleado,Ambiente tranquilo
26,día,soleado,Ambiente tranquilo
17,día,soleado,Ambiente tranquilo
4,día,parcialmente nublado,Ambiente tranquilo
8,día,parcialmente nublado,Ambiente tranquilo
5,día,soleado,Ambiente tranquilo
3,día,parcialmente nublado,Ambiente tranquilo
10,día,parcialmente nublado,Ambiente tranquilo
6,día,parcialmente nublado,Ambiente tranquilo
25,día,parcialmente nublado,Ambiente tranquilo
25,día,parcialmente nublado,Ambiente tranquilo
25,noche,parcialmente nublado,Ambiente tranquilo
18,noche,soleado,Ambiente tranquilo
9,día,soleado,Ambiente tranquilo
12,día,parcialmente nublado,Ambiente tranquilo
7,día,soleado,Ambiente tranquilo
19,día,soleado,Ambiente tranquilo
10,día,parcialmente nublado,Ambiente tranquilo
16,día,parcialmente nublado,Ambiente tranquilo
27,día,soleado,Ambiente tranquilo
8,día,soleado,Ambiente tranquilo
4,día,parcialmente nublado,Ambiente tranquilo
4,día,soleado,Ambiente tranquilo
4,día,parcialmente nublado,Ambiente tranquilo
6,día,parcialmente nublado,Ambiente tranquilo
5,día,soleado,Ambiente tranquilo
10,día,soleado,Ambiente tranquilo
5,día,soleado,Ambiente tranquilo
3,día,soleado,Ambiente tranquilo
8,día,soleado,Ambiente tranquilo
2,día,parcialmente nublado,Ambiente tranquilo
9,día,soleado,Ambiente tranquilo
6,día,soleado,Ambiente tranquilo
2,día,soleado,Ambiente tranquilo
4,día,parcialmente nublado,Ambiente tranquilo
6,día,soleado,Ambiente tranquilo
3,día,soleado,Ambiente tranquilo
5,día,parcialmente nublado,Ambiente tranquilo
7,día,parcialmente nublado,Ambiente tranquilo
13,día,soleado,Ambiente tranquilo
5,día,parcialmente nublado,Ambiente tranquilo
17,noche,parcialmente nublado,Ambiente tranquilo
28,día,soleado,Ambiente tranquilo
17,día,parcialmente nublado,Ambiente tranquilo
11,día,parcialmente nublado,Ambiente tranquilo
67,noche,parcialmente nublado,Ambiente tranquilo
86,día,parcialmente nublado,Ambiente tranquilo
30,día,soleado,Ambiente tranquilo
108,día,soleado,Ambiente tranquilo
90,noche,parcialmente nublado,Ambiente tranquilo
50,día,soleado,Ambiente tranquilo
52,día,soleado,Ambiente tranquilo
57,día,parcialmente nublado,Ambiente tranquilo
55,día,soleado,Ambiente tranquilo
12,día,parcialmente nublado,Ambiente tranquilo
14,día,parcialmente nublado,Ambiente tranquilo
23,día,soleado,Ambiente tranquilo
10,día,parcialmente nublado,Ambiente tranquilo
105,día,parcialmente nublado,Ambiente tranquilo
70,día,parcialmente nublado,Ambiente tranquilo
124,día,parcialmente nublado,Ambiente tranquilo
43,día,parcialmente nublado,Ambiente tranquilo
41,día,soleado,Ambiente tranquilo
33,día,parcialmente nublado,Ambiente tranquilo
9,día,soleado,Ambiente tranquilo
3,día,soleado,Ambiente tranquilo
4,día,parcialmente nublado,Ambiente tranquilo
23,día,soleado,Ambiente tranquilo
14,día,parcialmente nublado,Ambiente tranquilo
4,día,soleado,Ambiente tranquilo
5,día,parcialmente nublado,Ambiente tranquilo
5,día,soleado,Ambiente tranquilo
9,día,parcialmente nublado,Ambiente tranquilo
6,día,parcialmente nublado,Ambiente tranquilo
29,día,parcialmente nublado,Ambiente tranquilo
36,día,parcialmente nublado,Ambiente tranquilo
52,día,parcialmente nublado,Ambiente tranquilo
30,día,parcialmente nublado,Ambiente tranquilo
11,día,soleado,Ambiente tranquilo
42,día,soleado,Ambiente tranquilo
43,día,parcialmente nublado,Ambiente tranquilo
35,día,parcialmente nublado,Ambiente tranquilo
47,día,soleado,Ambiente tranquilo
43,día,parcialmente nublado,Ambiente tranquilo
39,día,soleado,Ambiente tranquilo
5,día,parcialmente nublado,Ambiente tranquilo
8,día,soleado,Ambiente tranquilo
3,día,parcialmente nublado,Ambiente tranquilo
6,día,soleado,Ambiente tranquilo
3,día,soleado,Ambiente tranquilo
12,noche,parcialmente nublado,Ambiente tranquilo
8,día,soleado,Ambiente tranquilo
10,día,parcialmente nublado,Ambiente tranquilo
11,día,soleado,Ambiente tranquilo
6,día,parcialmente nublado,Ambiente tranquilo
138,día,parcialmente nublado,Ambiente tranquilo
7,día,soleado,Ambiente tranquilo
26,día,soleado,Ambiente tranquilo
2,día,soleado,Ambiente tranquilo
10,día,soleado,Ambiente tranquilo
29,día,soleado,Ambiente tranquilo
174,día,soleado,Ambiente tranquilo
27,día,soleado,Ambiente tranquilo
19,día,parcialmente nublado,Ambiente tranquilo
7,día,parcialmente nublado,Ambiente tranquilo
3,día,parcialmente nublado,Ambiente tranquilo
37,día,parcialmente nublado,Ambiente tranquilo
20,día,parcialmente nublado,Ambiente tranquilo
10,día,soleado,Ambiente tranquilo
10,día,soleado,Ambiente tranquilo
3,día,soleado,Ambiente tranquilo
63,día,parcialmente nublado,Ambiente tranquilo
261,noche,parcialmente nublado,Ambiente tranquilo
17,día,soleado,Ambiente tranquilo
5,día,parcialmente nublado,Ambiente tranquilo
7,día,parcialmente nublado,Ambiente tranquilo
6,día,parcialmente nublado,Ambiente tranquilo
15,día,soleado,Ambiente tranquilo
3,día,soleado,Ambiente tranquilo
3,día,soleado,Ambiente tranquilo
3,día,soleado,Ambiente tranquilo
5,día,soleado,Ambiente tranquilo
2,día,parcialmente nublado,Ambiente tranquilo
5,día,parcialmente nublado,Ambiente tranquilo
14,día,parcialmente nublado,Ambiente tranquilo
4,día,soleado,Ambiente tranquilo
3,día,soleado,Ambiente tranquilo
11,día,soleado,Ambiente tranquilo
3,día,parcialmente nublado,Ambiente tranquilo
9,día,parcialmente nublado,Ambiente tranquilo
18,día,parcialmente nublado,Ambiente tranquilo
11,día,parcialmente nublado,Ambiente tranquilo
25,día,soleado,Ambiente tranquilo
33,día,parcialmente nublado,Ambiente tranquilo
9,día,soleado,Ambiente tranquilo
2,día,soleado,Ambiente tranquilo
13,día,parcialmente nublado,Ambiente tranquilo
10,día,soleado,Ambiente tranquilo
10,día,soleado,Ambiente tranquilo
5,día,soleado,Ambiente tranquilo
6,día,soleado,Ambiente tranquilo
12,día,soleado,Ambiente tranquilo
9,día,soleado,Ambiente tranquilo
10,día,soleado,Ambiente tranquilo
13,día,soleado,Ambiente tranquilo
33,día,soleado,Ambiente tranquilo
41,día,soleado,Ambiente tranquilo
62,día,soleado,Ambiente tranquilo
98,día,soleado,Ambiente tranquilo
36,día,parcialmente nublado,Ambiente tranquilo
21,día,soleado,Ambiente tranquilo
22,noche,parcialmente nublado,Ambiente tranquilo
7,día,parcialmente nublado,Ambiente tranquilo
4,día,soleado,Ambiente tranquilo
12,día,parcialmente nublado,Ambiente tranquilo
20,día,parcialmente nublado,Ambiente tranquilo
26,día,parcialmente nublado,Ambiente tranquilo
28,día,parcialmente nublado,Ambiente tranquilo
16,día,parcialmente nublado,Ambiente tranquilo
10,día,soleado,Ambiente tranquilo
6,noche,parcialmente nublado,Ambiente tranquilo
21,día,parcialmente nublado,Ambiente tranquilo
11,día,parcialmente nublado,Ambiente tranquilo
33,día,parcialmente nublado,Ambiente tranquilo
15,día,parcialmente nublado,Ambiente tranquilo
41,noche,parcialmente nublado,Ambiente tranquilo
66,día,soleado,Ambiente tranquilo
81,día,parcialmente nublado,Ambiente tranquilo
53,día,parcialmente nublado,Ambiente tranquilo
53,día,soleado,Ambiente tranquilo
19,día,soleado,Ambiente tranquilo
49,día,parcialmente nublado,Ambiente tranquilo
33,día,parcialmente nublado,Ambiente tranquilo
17,día,parcialmente nublado,Ambiente tranquilo
14,día,parcialmente nublado,Ambiente tranquilo
8,día,parcialmente nublado,Ambiente tranquilo
34,día,parcialmente nublado,Ambiente tranquilo
18,día,soleado,Ambiente tranquilo
19,noche,parcialmente nublado,Ambiente tranquilo
8,día,soleado,Ambiente tranquilo
13,noche,parcialmente nublado,Ambiente tranquilo
29,día,parcialmente nublado,Ambiente tranquilo
31,noche,parcialmente nublado,Ambiente tranquilo
42,día,parcialmente nublado,Ambiente tranquilo
22,día,parcialmente nublado,Ambiente tranquilo
35,día,parcialmente nublado,Ambiente tranquilo
5,día,parcialmente nublado,Ambiente tranquilo
17,día,soleado,Ambiente tranquilo
21,día,parcialmente nublado,Ambiente tranquilo
14,día,parcialmente nublado,Ambiente tranquilo
15,día,soleado,Ambiente tranquilo
10,día,soleado,Ambiente tranquilo
18,día,parcialmente nublado,Ambiente tranquilo
27,día,soleado,Ambiente tranquilo
7,día,parcialmente nublado,Ambiente tranquilo
26,día,soleado,Ambiente tranquilo
8,día,soleado,Ambiente tranquilo
13,día,parcialmente nublado,Ambiente tranquilo
22,día,soleado,Ambiente tranquilo
9,día,soleado,Ambiente tranquilo
17,día,parcialmente nublado,Ambiente tranquilo
18,día,soleado,Ambiente tranquilo
6,día,soleado,Ambiente tranquilo
23,día,soleado,Ambiente tranquilo
10,día,parcialmente nublado,Ambiente tranquilo
11,noche,parcialmente nublado,Ambiente tranquilo
9,día,parcialmente nublado,Ambiente tranquilo
7,día,soleado,Ambiente tranquilo
8,día,soleado,Ambiente tranquilo
8,día,soleado,Ambiente tranquilo
8,día,parcialmente nublado,Ambiente tranquilo
4,día,soleado,Ambiente tranquilo
4,día,parcialmente nublado,Ambiente tranquilo
22,día,soleado,Ambiente tranquilo
16,día,parcialmente nublado,Ambiente tranquilo
6,día,parcialmente nublado,Ambiente tranquilo
10,día,parcialmente nublado,Ambiente tranquilo
6,día,parcialmente nublado,Ambiente tranquilo
5,día,soleado,Ambiente tranquilo
7,día,soleado,Ambiente tranquilo
2,día,soleado,Ambiente tranquilo
5,día,soleado,Ambiente tranquilo
11,día,soleado,Ambiente tranquilo
9,día,soleado,Ambiente tranquilo
5,día,parcialmente nublado,Ambiente tranquilo
6,día,parcialmente nublado,Ambiente tranquilo
17,noche,parcialmente nublado,Ambiente tranquilo
2,día,parcialmente nublado,Ambiente tranquilo
2,día,soleado,Ambiente tranquilo
36,día,soleado,Ambiente tranquilo
8,día,soleado,Ambiente tranquilo
3,día,parcialmente nublado,Ambiente tranquilo
3,día,soleado,Ambiente tranquilo
3,día,parcialmente nublado,Ambiente tranquilo
3,noche,parcialmente nublado,Ambiente tranquilo
3,día,soleado,Ambiente tranquilo
2,día,parcialmente nublado,Ambiente tranquilo
5,día,parcialmente nublado,Ambiente tranquilo
40,día,soleado,Ambiente tranquilo
31,día,parcialmente nublado,Ambiente tranquilo
14,día,soleado,Ambiente tranquilo
56,día,soleado,Ambiente tranquilo
40,día,soleado,Ambiente tranquilo
40,día,soleado,Ambiente tranquilo
35,día,parcialmente nublado,Ambiente tranquilo
2,día,soleado,Ambiente tranquilo
23,día,parcialmente nublado,Ambiente tranquilo
66,día,soleado,Ambiente tranquilo
3,día,soleado,Ambiente tranquilo
108,día,soleado,Ambiente tranquilo
57,día,soleado,Ambiente tranquilo
25,día,soleado,Ambiente tranquilo
55,día,soleado,Ambiente tranquilo
55,día,soleado,Ambiente tranquilo
19,día,parcialmente nublado,Ambiente tranquilo
25,día,soleado,Ambiente tranquilo
25,día,parcialmente nublado,Ambiente tranquilo
10,día,soleado,Ambiente tranquilo
19,día,parcialmente nublado,Ambiente tranquilo
8,día,soleado,Ambiente tranquilo
10,día,soleado,Ambiente tranquilo
12,día,soleado,Ambiente tranquilo
9,día,soleado,Ambiente tranquilo
4,día,parcialmente nublado,Ambiente tranquilo
5,día,parcialmente nublado,Ambiente tranquilo
4,día,parcialmente nublado,Ambiente tranquilo
20,día,parcialmente nublado,Ambiente tranquilo
41,noche,parcialmente nublado,Ambiente tranquilo
11,día,parcialmente nublado,Ambiente tranquilo
8,día,soleado,Ambiente tranquilo
86,día,soleado,Ambiente tranquilo
6,día,parcialmente nublado,Ambiente tranquilo
39,día,parcialmente nublado,Ambiente tranquilo
9,día,soleado,Ambiente tranquilo
12,día,parcialmente nublado,Ambiente tranquilo
110,día,soleado,Ambiente tranquilo
66,día,soleado,Ambiente tranquilo
44,día,parcialmente nublado,Ambiente tranquilo
19,día,soleado,Ambiente tranquilo
75,día,parcialmente nublado,Ambiente tranquilo
41,día,parcialmente nublado,Ambiente tranquilo
35,día,soleado,Ambiente tranquilo
4,día,parcialmente nublado,Ambiente tranquilo
7,día,soleado,Ambiente tranquilo
15,día,soleado,Ambiente tranquilo
7,día,soleado,Ambiente tranquilo
11,día,soleado,Ambiente tranquilo
9,día,parcialmente nublado,Ambiente tranquilo
10,día,soleado,Ambiente tranquilo
5,día,parcialmente nublado,Ambiente tranquilo
3,día,soleado,Ambiente tranquilo
7,día,soleado,Ambiente tranquilo
14,día,parcialmente nublado,Ambiente tranquilo
4,día,soleado,Ambiente tranquilo
5,día,soleado,Ambiente tranquilo
3,día,parcialmente nublado,Ambiente tranquilo
3,día,parcialmente nublado,Ambiente tranquilo
3,noche,parcialmente nublado,Ambiente tranquilo
6,noche,parcialmente nublado,Ambiente tranquilo
588,día,con tormentas,Actividad moderada
588,noche,con tormentas,Actividad moderada
798,noche,con tormentas,Actividad moderada
572,día,con tormentas,Actividad moderada
588,día,con tormentas,Actividad moderada
840,noche,con tormentas,Actividad moderada
805,día,con tormentas,Actividad moderada
580,noche,con tormentas,Actividad moderada
617,noche,con tormentas,Actividad moderada
600,día,con tormentas,Actividad moderada
653,día,con tormentas,Actividad moderada
618,noche,con tormentas,Actividad moderada
627,día,con tormentas,Actividad moderada
731,noche,con tormentas,Actividad moderada
639,día,con tormentas,Actividad moderada
721,día,con tormentas,Actividad moderada
748,noche,con tormentas,Actividad moderada
666,día,con tormentas,Actividad moderada
722,noche,con tormentas,Actividad moderada
695,día,con tormentas,Actividad moderada
722,noche,con tormentas,Actividad moderada
663,día,con tormentas,Actividad moderada
562,noche,con tormentas,Actividad moderada
694,día,con tormentas,Actividad moderada
570,noche,con tormentas,Actividad moderada
665,día,con tormentas,Actividad moderada
767,noche,con tormentas,Actividad moderada
618,día,con tormentas,Actividad moderada
699,noche,con tormentas,Actividad moderada
740,día,con tormentas,Actividad moderada
711,día,con tormentas,Actividad moderada
738,noche,con tormentas,Actividad moderada
750,día,con tormentas,Actividad moderada
735,noche,con tormentas,Actividad moderada
704,día,con tormentas,Actividad moderada
757,noche,con tormentas,Actividad moderada
666,día,con tormentas,Actividad moderada
851,noche,con tormentas,Actividad moderada
654,día,con tormentas,Actividad moderada
619,noche,con tormentas,Actividad moderada
599,día,con tormentas,Actividad moderada
773,noche,con tormentas,Actividad moderada
783,noche,con tormentas,Actividad moderada
966,noche,con tormentas,Actividad moderada
834,noche,con tormentas,Actividad moderada
651,noche,con tormentas,Actividad moderada
830,noche,con tormentas,Actividad moderada
877,noche,con tormentas,Actividad moderada
788,noche,con tormentas,Actividad moderada
866,noche,con tormentas,Actividad moderada
634,noche,con tormentas,Actividad moderada
629,noche,con tormentas,Actividad moderada
608,noche,con tormentas,Actividad moderada
733,noche,con tormentas,Actividad moderada
554,noche,con tormentas,Actividad moderada
649,noche,con tormentas,Actividad moderada
559,noche,con tormentas,Actividad moderada
572,noche,con tormentas,Actividad moderada
675,noche,con tormentas,Actividad moderada
621,noche,con tormentas,Actividad moderada
594,noche,con tormentas,Actividad moderada
688,noche,con tormentas,Actividad moderada
547,noche,con tormentas,Actividad moderada
592,noche,con tormentas,Actividad moderada
709,noche,con tormentas,Actividad moderada
643,noche,con tormentas,Actividad moderada
514,noche,con tormentas,Actividad moderada
615,noche,con tormentas,Actividad moderada
662,noche,con tormentas,Actividad moderada
843,noche,con tormentas,Actividad moderada
839,noche,con tormentas,Actividad moderada
828,noche,con tormentas,Actividad moderada
753,noche,con tormentas,Actividad moderada
590,noche,con tormentas,Actividad moderada
645,noche,con tormentas,Actividad moderada
655,noche,con tormentas,Actividad moderada
602,noche,con tormentas,Actividad moderada
563,noche,con tormentas,Actividad moderada
598,noche,con tormentas,Actividad moderada
594,noche,con tormentas,Actividad moderada
585,noche,con tormentas,Actividad moderada
619,noche,con tormentas,Actividad moderada
519,noche,con tormentas,Actividad moderada
575,noche,con tormentas,Actividad moderada
507,noche,con tormentas,Actividad moderada
551,noche,con tormentas,Actividad moderada
683,noche,con tormentas,Actividad moderada
494,noche,con tormentas,Actividad moderada
558,noche,con tormentas,Actividad moderada
634,noche,con tormentas,Actividad moderada
667,noche,con tormentas,Actividad moderada
578,noche,con tormentas,Actividad moderada
443,noche,con tormentas,Actividad moderada
511,noche,con tormentas,Actividad moderada
1126,noche,con tormentas,Actividad moderada
513,noche,con tormentas,Actividad moderada
499,noche,con tormentas,Actividad moderada
613,noche,con tormentas,Actividad moderada
680,noche,con tormentas,Actividad moderada
535,noche,con tormentas,Actividad moderada
614,noche,con tormentas,Actividad moderada
542,noche,con tormentas,Actividad moderada
279,día,con tormentas,Actividad moderada
149,noche,con tormentas,Actividad moderada
119,día,con tormentas,Actividad moderada
113,noche,con tormentas,Actividad moderada
131,día,con tormentas,Actividad moderada
159,noche,con tormentas,Actividad moderada
175,día,con tormentas,Actividad moderada
186,noche,con tormentas,Actividad moderada
272,día,con tormentas,Actividad moderada
393,noche,con tormentas,Actividad moderada
183,día,con tormentas,Actividad moderada
197,noche,con tormentas,Actividad moderada
221,día,con tormentas,Actividad moderada
233,noche,con tormentas,Actividad moderada
616,día,con tormentas,Actividad moderada
724,noche,con tormentas,Actividad moderada
853,día,con tormentas,Actividad moderada
655,noche,con tormentas,Actividad moderada
550,día,con tormentas,Actividad moderada
858,noche,con tormentas,Actividad moderada
686,noche,con tormentas,Actividad moderada
884,noche,con tormentas,Actividad moderada
621,noche,con tormentas,Actividad moderada
485,noche,con tormentas,Actividad moderada
533,noche,con tormentas,Actividad moderada
539,noche,con tormentas,Actividad moderada
524,noche,con tormentas,Actividad moderada
505,noche,con tormentas,Actividad moderada
446,noche,con tormentas,Actividad moderada
535,noche,con tormentas,Actividad moderada
804,noche,con tormentas,Actividad moderada
520,noche,con tormentas,Actividad moderada
474,noche,con tormentas,Actividad moderada
521,noche,con tormentas,Actividad moderada
767,noche,con tormentas,Actividad moderada
616,noche,con tormentas,Actividad moderada
592,noche,con tormentas,Actividad moderada
832,noche,con tormentas,Actividad moderada
617,noche,con tormentas,Actividad moderada
640,noche,con tormentas,Actividad moderada
639,noche,con tormentas,Actividad moderada
554,noche,con tormentas,Actividad moderada
505,noche,con tormentas,Actividad moderada
575,noche,con tormentas,Actividad moderada
623,noche,con tormentas,Actividad moderada
571,noche,con tormentas,Actividad moderada
491,noche,con tormentas,Actividad moderada
709,noche,con tormentas,Actividad moderada
544,noche,con tormentas,Actividad moderada
546,noche,con tormentas,Actividad moderada
537,noche,con tormentas,Actividad moderada
459,noche,con tormentas,Actividad moderada
924,noche,con tormentas,Actividad moderada
616,noche,con tormentas,Actividad moderada
481,noche,con tormentas,Actividad moderada
480,noche,con tormentas,Actividad moderada
533,noche,con tormentas,Actividad moderada
505,noche,con tormentas,Actividad moderada
504,noche,con tormentas,Actividad moderada
649,noche,con tormentas,Actividad moderada
523,noche,con tormentas,Actividad moderada
537,noche,con tormentas,Actividad moderada
534,noche,con tormentas,Actividad moderada
657,noche,con tormentas,Actividad moderada
632,noche,con tormentas,Actividad moderada
629,noche,con tormentas,Actividad moderada
580,noche,con tormentas,Actividad moderada
621,noche,con tormentas,Actividad moderada
622,noche,con tormentas,Actividad moderada
631,noche,con tormentas,Actividad moderada
619,noche,con tormentas,Actividad moderada
549,noche,con tormentas,Actividad moderada
580,noche,con tormentas,Actividad moderada
588,noche,con tormentas,Actividad moderada
821,noche,con tormentas,Actividad moderada
682,noche,con tormentas,Actividad moderada
675,noche,con tormentas,Actividad moderada
611,noche,con tormentas,Actividad moderada
678,noche,con tormentas,Actividad moderada
632,noche,con tormentas,Actividad moderada
666,noche,con tormentas,Actividad moderada
603,noche,con tormentas,Actividad moderada
733,noche,con tormentas,Actividad moderada
706,noche,con tormentas,Actividad moderada
602,noche,con tormentas,Actividad moderada
620,noche,con tormentas,Actividad moderada
565,noche,con tormentas,Actividad moderada
715,noche,con tormentas,Actividad moderada
666,noche,con tormentas,Actividad moderada
607,noche,con tormentas,Actividad moderada
675,noche,con tormentas,Actividad moderada
549,noche,con tormentas,Actividad moderada
680,noche,con tormentas,Actividad moderada
721,noche,con tormentas,Actividad moderada
629,noche,con tormentas,Actividad moderada
774,noche,con tormentas,Actividad moderada
738,noche,con tormentas,Actividad moderada
800,noche,con tormentas,Actividad moderada
728,noche,con tormentas,Actividad moderada
641,noche,con tormentas,Actividad moderada
828,noche,con tormentas,Actividad moderada
596,noche,con tormentas,Actividad moderada
624,noche,con tormentas,Actividad moderada
709,noche,con tormentas,Actividad moderada
731,noche,con tormentas,Actividad moderada
769,noche,con tormentas,Actividad moderada
732,noche,con tormentas,Actividad moderada
701,noche,con tormentas,Actividad moderada
743,noche,con tormentas,Actividad moderada
820,noche,con tormentas,Actividad moderada
651,noche,con tormentas,Actividad moderada
663,noche,con tormentas,Actividad moderada
768,noche,con tormentas,Actividad moderada
728,noche,con tormentas,Actividad moderada
655,noche,con tormentas,Actividad moderada
717,noche,con tormentas,Actividad moderada
630,noche,con tormentas,Actividad moderada
720,noche,con tormentas,Actividad moderada
671,noche,con tormentas,Actividad moderada
603,noche,con tormentas,Actividad moderada
652,noche,con tormentas,Actividad moderada
610,noche,con tormentas,Actividad moderada
637,noche,con tormentas,Actividad moderada
546,noche,con tormentas,Actividad moderada
736,noche,con tormentas,Actividad moderada
653,noche,con tormentas,Actividad moderada
739,noche,con tormentas,Actividad moderada
749,noche,con tormentas,Actividad moderada
631,noche,con tormentas,Actividad moderada
708,noche,con tormentas,Actividad moderada
807,noche,con tormentas,Actividad moderada
793,noche,con tormentas,Actividad moderada
726,noche,con tormentas,Actividad moderada
626,noche,con tormentas,Actividad moderada
825,noche,con tormentas,Actividad moderada
749,noche,con tormentas,Actividad moderada
640,noche,con tormentas,Actividad moderada
627,noche,con tormentas,Actividad moderada
565,noche,con tormentas,Actividad moderada
663,noche,con tormentas,Actividad moderada
824,noche,con tormentas,Actividad moderada
910,noche,con tormentas,Actividad moderada
802,noche,con tormentas,Actividad moderada
923,noche,con tormentas,Actividad moderada
923,noche,con tormentas,Actividad moderada
837,noche,con tormentas,Actividad moderada
741,noche,con tormentas,Actividad moderada
593,noche,con tormentas,Actividad moderada
614,noche,con tormentas,Actividad moderada
772,noche,con tormentas,Actividad moderada
654,noche,con tormentas,Actividad moderada
589,noche,con tormentas,Actividad moderada
577,noche,con tormentas,Actividad moderada
837,noche,con tormentas,Actividad moderada
761,noche,con tormentas,Actividad moderada
625,noche,con tormentas,Actividad moderada
780,noche,con tormentas,Actividad moderada
611,noche,con tormentas,Actividad moderada
569,noche,con tormentas,Actividad moderada
480,noche,con tormentas,Actividad moderada
544,noche,con tormentas,Actividad moderada
692,noche,con tormentas,Actividad moderada
538,noche,con tormentas,Actividad moderada
642,noche,con tormentas,Actividad moderada
813,noche,con tormentas,Actividad moderada
772,noche,con tormentas,Actividad moderada
802,noche,con tormentas,Actividad moderada
952,noche,con tormentas,Actividad moderada
652,noche,con tormentas,Actividad moderada
684,noche,con tormentas,Actividad moderada
577,noche,con tormentas,Actividad moderada
631,noche,con tormentas,Actividad moderada
520,noche,con tormentas,Actividad moderada
459,noche,con tormentas,Actividad moderada
581,noche,con tormentas,Actividad moderada
1182,noche,con tormentas,Actividad moderada
580,día,con tormentas,Actividad moderada
703,noche,con tormentas,Actividad moderada
620,día,con tormentas,Actividad moderada
605,día,con tormentas,Actividad moderada
552,día,con tormentas,Actividad moderada
634,día,con tormentas,Actividad moderada
554,día,con tormentas,Actividad moderada
605,día,con tormentas,Actividad moderada
552,día,con tormentas,Actividad moderada
614,día,con tormentas,Actividad moderada
557,día,con tormentas,Actividad moderada
603,día,con tormentas,Actividad moderada
552,día,con tormentas,Actividad moderada
589,día,con tormentas,Actividad moderada
554,día,con tormentas,Actividad moderada
580,día,con tormentas,Actividad moderada
561,día,con tormentas,Actividad moderada
554,día,con tormentas,Actividad moderada
578,día,con tormentas,Actividad moderada
552,día,con tormentas,Actividad moderada
589,día,con tormentas,Actividad moderada
554,día,con tormentas,Actividad moderada
552,día,con tormentas,Actividad moderada
605,día,con tormentas,Actividad moderada
552,día,con tormentas,Actividad moderada
882,día,soleado,Actividad moderada
1059,día,parcialemente nublado,Actividad moderada
681,día,soleado,Actividad moderada
1138,día,parcialemente nublado,Actividad moderada
957,día,soleado,Actividad moderada
1148,día,parcialemente nublado,Actividad moderada
502,día,soleado,Actividad moderada
1077,día,parcialemente nublado,Actividad moderada
744,día,soleado,Actividad moderada
624,día,parcialemente nublado,Actividad moderada
337,día,soleado,Actividad moderada
925,día,parcialemente nublado,Actividad moderada
884,día,soleado,Actividad moderada
670,noche,parcialemente nublado,Actividad moderada
611,noche,con niebla,Actividad moderada
918,noche,parcialemente nublado,Actividad moderada
1219,noche,con niebla,Actividad moderada
981,noche,parcialemente nublado,Actividad moderada
1016,noche,con niebla,Actividad moderada
876,día,soleado,Actividad moderada
1315,día,parcialemente nublado,Actividad moderada
452,día,soleado,Actividad moderada
829,día,parcialemente nublado,Actividad moderada
1013,día,soleado,Actividad moderada
691,día,parcialemente nublado,Actividad moderada
772,día,soleado,Actividad moderada
638,día,parcialemente nublado,Actividad moderada
964,día,soleado,Actividad moderada
735,día,parcialemente nublado,Actividad moderada
565,día,soleado,Actividad moderada
605,día,parcialemente nublado,Actividad moderada
1046,día,soleado,Actividad moderada
1319,día,parcialemente nublado,Actividad moderada
830,día,soleado,Actividad moderada
1397,día,parcialemente nublado,Actividad moderada
1000,día,soleado,Actividad moderada
1520,día,parcialemente nublado,Actividad moderada
1062,día,soleado,Actividad moderada
961,día,parcialemente nublado,Actividad moderada
722,día,soleado,Actividad moderada
1066,día,parcialemente nublado,Actividad moderada
934,día,soleado,Actividad moderada
591,día,parcialemente nublado,Actividad moderada
815,día,soleado,Actividad moderada
815,día,parcialemente nublado,Actividad moderada
644,día,soleado,Actividad moderada
679,día,parcialemente nublado,Actividad moderada
1173,día,soleado,Actividad moderada
1207,día,parcialemente nublado,Actividad moderada
1372,día,soleado,Actividad moderada
1313,día,parcialemente nublado,Actividad moderada
981,día,soleado,Actividad moderada
1198,día,parcialemente nublado,Actividad moderada
1232,día,soleado,Actividad moderada
712,día,parcialemente nublado,Actividad moderada
1446,día,soleado,Actividad moderada
855,día,parcialemente nublado,Actividad moderada
936,día,soleado,Actividad moderada
895,día,parcialemente nublado,Actividad moderada
699,día,soleado,Actividad moderada
638,día,parcialemente nublado,Actividad moderada
1638,día,soleado,Actividad moderada
919,día,parcialemente nublado,Actividad moderada
602,día,soleado,Actividad moderada
802,noche,parcialemente nublado,Actividad moderada
895,noche,con niebla,Actividad moderada
1183,noche,parcialemente nublado,Actividad moderada
575,día,soleado,Actividad moderada
718,día,parcialemente nublado,Actividad moderada
1163,día,soleado,Actividad moderada
544,día,parcialemente nublado,Actividad moderada
987,día,soleado,Actividad moderada
928,día,parcialemente nublado,Actividad moderada
1080,día,soleado,Actividad moderada
745,día,parcialemente nublado,Actividad moderada
955,día,soleado,Actividad moderada
692,día,parcialemente nublado,Actividad moderada
626,día,soleado,Actividad moderada
770,día,soleado,Actividad moderada
388,día,soleado,Actividad moderada
402,día,parcialemente nublado,Actividad moderada
694,día,soleado,Actividad moderada
920,día,parcialemente nublado,Actividad moderada
1089,día,soleado,Actividad moderada
818,día,parcialemente nublado,Actividad moderada
651,día,soleado,Actividad moderada
945,día,parcialemente nublado,Actividad moderada
851,día,soleado,Actividad moderada
2024,día,parcialemente nublado,Actividad moderada
886,día,soleado,Actividad moderada
885,día,parcialemente nublado,Actividad moderada
587,día,soleado,Actividad moderada
836,día,parcialemente nublado,Actividad moderada
1214,día,soleado,Actividad moderada
428,día,parcialemente nublado,Actividad moderada
935,día,soleado,Actividad moderada
901,día,parcialemente nublado,Actividad moderada
726,día,soleado,Actividad moderada
710,día,parcialemente nublado,Actividad moderada
706,día,soleado,Actividad moderada
692,noche,parcialemente nublado,Actividad moderada
925,noche,con niebla,Actividad moderada
1133,día,soleado,Actividad moderada
1339,día,parcialemente nublado,Actividad moderada
712,día,soleado,Actividad moderada
1013,día,parcialemente nublado,Actividad moderada
960,día,soleado,Actividad moderada
895,día,parcialemente nublado,Actividad moderada
1040,día,soleado,Actividad moderada
1176,día,parcialemente nublado,Actividad moderada
634,día,soleado,Actividad moderada
1174,día,parcialemente nublado,Actividad moderada
940,día,soleado,Actividad moderada
745,día,parcialemente nublado,Actividad moderada
812,día,soleado,Actividad moderada
739,día,parcialemente nublado,Actividad moderada
627,día,soleado,Actividad moderada
1049,día,soleado,Actividad moderada
866,día,soleado,Actividad moderada
1443,día,soleado,Actividad moderada
667,día,soleado,Actividad moderada
705,día,soleado,Actividad moderada
762,día,soleado,Actividad moderada
670,día,soleado,Actividad moderada
1114,día,soleado,Actividad moderada
910,día,soleado,Actividad moderada
634,día,soleado,Actividad moderada
612,día,soleado,Actividad moderada
553,día,soleado,Actividad moderada
980,día,soleado,Actividad moderada
1659,día,soleado,Actividad moderada
1233,día,soleado,Actividad moderada
1117,día,soleado,Actividad moderada
1095,día,soleado,Actividad moderada
1465,día,soleado,Actividad moderada
927,día,soleado,Actividad moderada
953,día,soleado,Actividad moderada
609,día,soleado,Actividad moderada
1438,día,soleado,Actividad moderada
790,día,soleado,Actividad moderada
960,día,soleado,Actividad moderada
834,día,soleado,Actividad moderada
1413,día,soleado,Actividad moderada
946,día,soleado,Actividad moderada
637,día,soleado,Actividad moderada
699,día,soleado,Actividad moderada
861,día,soleado,Actividad moderada
657,día,soleado,Actividad moderada
875,día,soleado,Actividad moderada
1211,día,soleado,Actividad moderada
1207,día,soleado,Actividad moderada
1178,día,soleado,Actividad moderada
848,día,soleado,Actividad moderada
1725,día,soleado,Actividad moderada
1046,día,soleado,Actividad moderada
543,día,soleado,Actividad moderada
914,día,soleado,Actividad moderada
941,día,soleado,Actividad moderada
751,día,soleado,Actividad moderada
1620,día,soleado,Actividad moderada
1104,día,soleado,Actividad moderada
1408,día,soleado,Actividad moderada
1079,día,soleado,Actividad moderada
1377,día,soleado,Actividad moderada
997,día,soleado,Actividad moderada
637,día,soleado,Actividad moderada
858,día,soleado,Actividad moderada
1063,día,soleado,Actividad moderada
1196,día,soleado,Actividad moderada
1271,día,soleado,Actividad moderada
734,día,soleado,Actividad moderada
790,día,soleado,Actividad moderada
825,día,soleado,Actividad moderada
736,día,soleado,Actividad moderada
481,día,soleado,Actividad moderada
513,día,soleado,Actividad moderada
2447,día,soleado,Actividad moderada
878,día,soleado,Actividad moderada
939,día,soleado,Actividad moderada
839,día,soleado,Actividad moderada
905,día,soleado,Actividad moderada
577,día,soleado,Actividad moderada
623,día,soleado,Actividad moderada
945,día,soleado,Actividad moderada
371,día,soleado,Actividad moderada
875,día,soleado,Actividad moderada
928,día,soleado,Actividad moderada
877,día,soleado,Actividad moderada
1268,día,soleado,Actividad moderada
842,día,soleado,Actividad moderada
708,día,soleado,Actividad moderada
654,día,soleado,Actividad moderada
849,día,soleado,Actividad moderada
1348,día,soleado,Actividad moderada
714,día,soleado,Actividad moderada
810,día,soleado,Actividad moderada
1696,día,soleado,Actividad moderada
868,día,soleado,Actividad moderada
766,día,soleado,Actividad moderada
843,día,soleado,Actividad moderada
1376,día,soleado,Actividad moderada
1071,día,soleado,Actividad moderada
775,día,soleado,Actividad moderada
987,día,soleado,Actividad moderada
968,día,soleado,Actividad moderada
846,día,soleado,Actividad moderada
1513,día,soleado,Actividad moderada
482,día,soleado,Actividad moderada
1325,día,soleado,Actividad moderada
1845,día,soleado,Actividad moderada
636,día,soleado,Actividad moderada
1017,día,soleado,Actividad moderada
1091,día,soleado,Actividad moderada
896,día,soleado,Actividad moderada
680,día,soleado,Actividad moderada
1374,día,soleado,Actividad moderada
1304,día,soleado,Actividad moderada
952,día,soleado,Actividad moderada
1091,día,soleado,Actividad moderada
888,día,soleado,Actividad moderada
1205,día,soleado,Actividad moderada
1140,día,soleado,Actividad moderada
856,día,soleado,Actividad moderada
605,día,soleado,Actividad moderada
935,día,soleado,Actividad moderada
1002,día,soleado,Actividad moderada
1103,día,soleado,Actividad moderada
1244,día,soleado,Actividad moderada
993,día,soleado,Actividad moderada
1340,día,soleado,Actividad moderada
822,día,soleado,Actividad moderada
734,día,soleado,Actividad moderada
824,día,soleado,Actividad moderada
1158,día,soleado,Actividad moderada
1464,día,soleado,Actividad moderada
663,día,soleado,Actividad moderada
860,día,soleado,Actividad moderada
565,día,soleado,Actividad moderada
999,día,soleado,Actividad moderada
656,día,soleado,Actividad moderada
862,día,soleado,Actividad moderada
789,día,soleado,Actividad moderada
644,día,soleado,Actividad moderada
617,día,soleado,Actividad moderada
845,día,soleado,Actividad moderada
734,día,soleado,Actividad moderada
897,día,soleado,Actividad moderada
886,día,soleado,Actividad moderada
1354,día,soleado,Actividad moderada
927,día,soleado,Actividad moderada
767,día,soleado,Actividad moderada
803,día,soleado,Actividad moderada
772,día,soleado,Actividad moderada
866,día,soleado,Actividad moderada
1457,día,soleado,Actividad moderada
817,día,soleado,Actividad moderada
488,día,soleado,Actividad moderada
811,día,soleado,Actividad moderada
1226,día,soleado,Actividad moderada
1023,día,soleado,Actividad moderada
941,día,soleado,Actividad moderada
986,día,soleado,Actividad moderada
1701,día,soleado,Actividad moderada
816,día,soleado,Actividad moderada
744,día,soleado,Actividad moderada
1093,día,soleado,Actividad moderada
1431,día,soleado,Actividad moderada
1179,día,soleado,Actividad moderada
1182,día,soleado,Actividad moderada
863,día,soleado,Actividad moderada
1062,día,soleado,Actividad moderada
814,día,soleado,Actividad moderada
670,día,soleado,Actividad moderada
677,día,soleado,Actividad moderada
1252,día,soleado,Actividad moderada
1199,día,soleado,Actividad moderada
797,día,soleado,Actividad moderada
1275,día,soleado,Actividad moderada
681,día,soleado,Actividad moderada
749,día,soleado,Actividad moderada
1098,día,parcialemente nublado,Actividad moderada
816,día,soleado,Actividad moderada
1013,día,parcialemente nublado,Actividad moderada
566,noche,parcialemente nublado,Actividad moderada
1138,noche,con niebla,Actividad moderada
688,día,soleado,Actividad moderada
1090,día,parcialemente nublado,Actividad moderada
1048,día,soleado,Actividad moderada
642,día,parcialemente nublado,Actividad moderada
802,día,soleado,Actividad moderada
1422,día,parcialemente nublado,Actividad moderada
1138,día,soleado,Actividad moderada
1117,día,parcialemente nublado,Actividad moderada
744,día,soleado,Actividad moderada
1279,día,parcialemente nublado,Actividad moderada
796,día,soleado,Actividad moderada
1629,noche,parcialemente nublado,Actividad moderada
305,día,con llovizna,Ambiente tranquilo
312,noche,lloviendo,Ambiente tranquilo
303,día,con llovizna,Ambiente tranquilo
307,noche,lloviendo,Ambiente tranquilo
294,día,con llovizna,Ambiente tranquilo
348,noche,lloviendo,Ambiente tranquilo
299,día,con llovizna,Ambiente tranquilo
291,noche,lloviendo,Ambiente tranquilo
279,día,con llovizna,Ambiente tranquilo
356,noche,lloviendo,Ambiente tranquilo
308,día,con llovizna,Ambiente tranquilo
337,noche,lloviendo,Ambiente tranquilo
335,día,con llovizna,Ambiente tranquilo
303,noche,lloviendo,Ambiente tranquilo
385,día,con llovizna,Ambiente tranquilo
340,noche,lloviendo,Ambiente tranquilo
277,día,con llovizna,Ambiente tranquilo
310,noche,lloviendo,Ambiente tranquilo
342,día,con llovizna,Ambiente tranquilo
342,noche,lloviendo,Ambiente tranquilo
329,día,con llovizna,Ambiente tranquilo
330,noche,lloviendo,Ambiente tranquilo
334,día,con llovizna,Ambiente tranquilo
324,noche,lloviendo,Ambiente tranquilo
361,día,con llovizna,Ambiente tranquilo
324,noche,lloviendo,Ambiente tranquilo
322,día,con llovizna,Ambiente tranquilo
363,noche,lloviendo,Ambiente tranquilo
316,día,con llovizna,Ambiente tranquilo
322,noche,lloviendo,Ambiente tranquilo
331,día,con llovizna,Ambiente tranquilo
321,noche,lloviendo,Ambiente tranquilo
330,día,con llovizna,Ambiente tranquilo
290,noche,lloviendo,Ambiente tranquilo
314,día,con llovizna,Ambiente tranquilo
334,noche,lloviendo,Ambiente tranquilo
343,día,con llovizna,Ambiente tranquilo
352,noche,lloviendo,Ambiente tranquilo
376,día,con llovizna,Ambiente tranquilo
284,noche,lloviendo,Ambiente tranquilo
360,día,con llovizna,Ambiente tranquilo
295,noche,lloviendo,Ambiente tranquilo
296,día,con llovizna,Ambiente tranquilo
319,noche,lloviendo,Ambiente tranquilo
308,día,con llovizna,Ambiente tranquilo
317,noche,lloviendo,Ambiente tranquilo
319,día,con llovizna,Ambiente tranquilo
306,noche,lloviendo,Ambiente tranquilo
354,día,con llovizna,Ambiente tranquilo
301,noche,lloviendo,Ambiente tranquilo
352,día,con llovizna,Ambiente tranquilo
353,noche,lloviendo,Ambiente tranquilo
328,día,con llovizna,Ambiente tranquilo
280,noche,lloviendo,Ambiente tranquilo
350,día,con llovizna,Ambiente tranquilo
335,noche,lloviendo,Ambiente tranquilo
370,día,con llovizna,Ambiente tranquilo
304,noche,lloviendo,Ambiente tranquilo
333,día,con llovizna,Ambiente tranquilo
322,noche,lloviendo,Ambiente tranquilo
304,día,con llovizna,Ambiente tranquilo
302,noche,lloviendo,Ambiente tranquilo
344,día,con llovizna,Ambiente tranquilo
307,noche,lloviendo,Ambiente tranquilo
331,día,con llovizna,Ambiente tranquilo
302,noche,lloviendo,Ambiente tranquilo
352,día,con llovizna,Ambiente tranquilo
357,noche,lloviendo,Ambiente tranquilo
323,día,con llovizna,Ambiente tranquilo
328,noche,lloviendo,Ambiente tranquilo
298,día,con llovizna,Ambiente tranquilo
289,noche,lloviendo,Ambiente tranquilo
287,día,con llovizna,Ambiente tranquilo
318,noche,lloviendo,Ambiente tranquilo
302,día,con llovizna,Ambiente tranquilo
344,noche,lloviendo,Ambiente tranquilo
309,día,con llovizna,Ambiente tranquilo
289,noche,lloviendo,Ambiente tranquilo
315,día,con llovizna,Ambiente tranquilo
296,noche,lloviendo,Ambiente tranquilo
297,día,con llovizna,Ambiente tranquilo
315,noche,lloviendo,Ambiente tranquilo
316,día,con llovizna,Ambiente tranquilo
293,noche,lloviendo,Ambiente tranquilo
306,día,con llovizna,Ambiente tranquilo
332,noche,lloviendo,Ambiente tranquilo
312,día,con llovizna,Ambiente tranquilo
362,noche,lloviendo,Ambiente tranquilo
272,día,con llovizna,Ambiente tranquilo
269,noche,lloviendo,Ambiente tranquilo
296,día,con llovizna,Ambiente tranquilo
323,noche,lloviendo,Ambiente tranquilo
315,día,con llovizna,Ambiente tranquilo
316,noche,lloviendo,Ambiente tranquilo
275,día,con llovizna,Ambiente tranquilo
317,noche,lloviendo,Ambiente tranquilo
278,día,con llovizna,Ambiente tranquilo
293,noche,lloviendo,Ambiente tranquilo
310,día,con llovizna,Ambiente tranquilo
312,noche,lloviendo,Ambiente tranquilo
335,día,con llovizna,Ambiente tranquilo
333,noche,lloviendo,Ambiente tranquilo
330,día,con llovizna,Ambiente tranquilo
321,noche,lloviendo,Ambiente tranquilo
304,día,con llovizna,Ambiente tranquilo
323,noche,lloviendo,Ambiente tranquilo
327,día,con llovizna,Ambiente tranquilo
302,noche,lloviendo,Ambiente tranquilo
338,día,con llovizna,Ambiente tranquilo
331,noche,lloviendo,Ambiente tranquilo
309,día,con llovizna,Ambiente tranquilo
280,noche,lloviendo,Ambiente tranquilo
281,día,con llovizna,Ambiente tranquilo
291,noche,lloviendo,Ambiente tranquilo
308,día,con llovizna,Ambiente tranquilo
334,noche,lloviendo,Ambiente tranquilo
284,día,con llovizna,Ambiente tranquilo
288,noche,lloviendo,Ambiente tranquilo
316,día,con llovizna,Ambiente tranquilo
309,noche,lloviendo,Ambiente tranquilo
310,día,con llovizna,Ambiente tranquilo
302,noche,llovizna,Ambiente tranquilo
333,día,con llovizna,Ambiente tranquilo
301,noche,lloviendo,Ambiente tranquilo
362,día,con llovizna,Ambiente tranquilo
278,noche,lloviendo,Ambiente tranquilo
271,día,con llovizna,Ambiente tranquilo
293,noche,lloviendo,Ambiente tranquilo
346,día,con llovizna,Ambiente tranquilo
337,noche,lloviendo,Ambiente tranquilo
333,día,con llovizna,Ambiente tranquilo
324,noche,lloviendo,Ambiente tranquilo
378,día,con llovizna,Ambiente tranquilo
335,noche,lloviendo,Ambiente tranquilo
307,día,con llovizna,Ambiente tranquilo
300,noche,lloviendo,Ambiente tranquilo
343,día,con llovizna,Ambiente tranquilo
343,noche,lloviendo,Ambiente tranquilo
323,día,con llovizna,Ambiente tranquilo
344,noche,lloviendo,Ambiente tranquilo
291,día,con llovizna,Ambiente tranquilo
295,noche,lloviendo,Ambiente tranquilo
267,día,con llovizna,Ambiente tranquilo
321,noche,lloviendo,Ambiente tranquilo
268,día,con llovizna,Ambiente tranquilo
302,noche,llovizna,Ambiente tranquilo
297,día,con llovizna,Ambiente tranquilo
296,noche,lloviendo,Ambiente tranquilo
319,día,con llovizna,Ambiente tranquilo
351,noche,lloviendo,Ambiente tranquilo
326,día,con llovizna,Ambiente tranquilo
314,noche,lloviendo,Ambiente tranquilo
304,día,con llovizna,Ambiente tranquilo
280,noche,lloviendo,Ambiente tranquilo
365,día,con llovizna,Ambiente tranquilo
249,noche,lloviendo,Ambiente tranquilo
316,día,con llovizna,Ambiente tranquilo
317,noche,lloviendo,Ambiente tranquilo
325,día,con llovizna,Ambiente tranquilo
365,noche,lloviendo,Ambiente tranquilo
330,día,con llovizna,Ambiente tranquilo
272,noche,lloviendo,Ambiente tranquilo
294,día,con llovizna,Ambiente tranquilo
354,noche,lloviendo,Ambiente tranquilo
305,día,con llovizna,Ambiente tranquilo
303,noche,lloviendo,Ambiente tranquilo
340,día,con llovizna,Ambiente tranquilo
340,noche,lloviendo,Ambiente tranquilo
341,día,con llovizna,Ambiente tranquilo
303,noche,lloviendo,Ambiente tranquilo
322,día,con llovizna,Ambiente tranquilo
319,noche,lloviendo,Ambiente tranquilo
294,día,con llovizna,Ambiente tranquilo
323,noche,lloviendo,Ambiente tranquilo
289,día,con llovizna,Ambiente tranquilo
327,noche,lloviendo,Ambiente tranquilo
319,día,con llovizna,Ambiente tranquilo
341,noche,lloviendo,Ambiente tranquilo
297,día,con llovizna,Ambiente tranquilo
368,noche,lloviendo,Ambiente tranquilo
286,día,con llovizna,Ambiente tranquilo
312,noche,lloviendo,Ambiente tranquilo
304,día,con llovizna,Ambiente tranquilo
301,noche,lloviendo,Ambiente tranquilo
302,día,con llovizna,Ambiente tranquilo
294,noche,lloviendo,Ambiente tranquilo
320,día,con llovizna,Ambiente tranquilo
336,noche,lloviendo,Ambiente tranquilo
276,día,con llovizna,Ambiente tranquilo
332,noche,lloviendo,Ambiente tranquilo
309,día,con llovizna,Ambiente tranquilo
344,noche,lloviendo,Ambiente tranquilo
311,día,con llovizna,Ambiente tranquilo
327,noche,lloviendo,Ambiente tranquilo
299,día,con llovizna,Ambiente tranquilo
316,noche,lloviendo,Ambiente tranquilo
361,día,con llovizna,Ambiente tranquilo
318,noche,lloviendo,Ambiente tranquilo
362,día,con llovizna,Ambiente tranquilo
316,noche,lloviendo,Ambiente tranquilo
368,día,con llovizna,Ambiente tranquilo
301,noche,lloviendo,Ambiente tranquilo
2010,día,soleado,Ruido elevado
1987,noche,parcialemente nublado,Ruido elevado
2679,día,parcialemente nublado,Ruido elevado
852,noche,con niebla,Ruido elevado
1518,día,soleado,Ruido elevado
917,noche,parcialemente nublado,Ruido elevado
1732,día,con niebla,Ruido elevado
3118,noche,parcialemente nublado,Ruido elevado
1705,día,soleado,Ruido elevado
1459,noche,con niebla,Ruido elevado
1567,día,parcialemente nublado,Ruido elevado
390,noche,parcialemente nublado,Ruido elevado
450,día,soleado,Ruido elevado
738,noche,con niebla,Ruido elevado
753,día,parcialemente nublado,Ruido elevado
641,noche,parcialemente nublado,Ruido elevado
1762,día,soleado,Ruido elevado
745,noche,con niebla,Ruido elevado
2406,día,parcialemente nublado,Ruido elevado
2655,noche,parcialemente nublado,Ruido elevado
2371,día,soleado,Ruido elevado
1232,noche,con niebla,Ruido elevado
1743,día,parcialemente nublado,Ruido elevado
2127,noche,parcialemente nublado,Ruido elevado
2221,día,soleado,Ruido elevado
2036,noche,con niebla,Ruido elevado
1391,día,parcialemente nublado,Ruido elevado
2715,noche,parcialemente nublado,Ruido elevado
2466,día,soleado,Ruido elevado
1583,noche,con niebla,Ruido elevado
945,día,parcialemente nublado,Ruido elevado
636,noche,parcialemente nublado,Ruido elevado
1710,día,soleado,Ruido elevado
940,noche,con niebla,Ruido elevado
1467,día,parcialemente nublado,Ruido elevado
1204,noche,parcialemente nublado,Ruido elevado
919,día,soleado,Ruido elevado
1660,noche,con niebla,Ruido elevado
1349,día,parcialemente nublado,Ruido elevado
1694,noche,parcialemente nublado,Ruido elevado
2136,día,soleado,Ruido elevado
2497,noche,con niebla,Ruido elevado
1737,día,parcialemente nublado,Ruido elevado
2550,noche,parcialemente nublado,Ruido elevado
1048,día,soleado,Ruido elevado
1910,noche,con niebla,Ruido elevado
1869,día,parcialemente nublado,Ruido elevado
1859,noche,parcialemente nublado,Ruido elevado
1830,día,soleado,Ruido elevado
1283,noche,con niebla,Ruido elevado
1640,día,parcialemente nublado,Ruido elevado
1391,noche,parcialemente nublado,Ruido elevado
1121,día,soleado,Ruido elevado
1379,noche,con niebla,Ruido elevado
1412,día,parcialemente nublado,Ruido elevado
1514,noche,parcialemente nublado,Ruido elevado
851,día,soleado,Ruido elevado
1483,noche,con niebla,Ruido elevado
782,día,parcialemente nublado,Ruido elevado
697,noche,parcialemente nublado,Ruido elevado
513,día,soleado,Ruido elevado
429,noche,con niebla,Ruido elevado
264,día,parcialemente nublado,Ruido elevado
250,noche,parcialemente nublado,Ruido elevado
207,día,soleado,Ruido elevado
135,noche,con niebla,Ruido elevado
1774,día,parcialemente nublado,Ruido elevado
1499,noche,parcialemente nublado,Ruido elevado
2092,día,soleado,Ruido elevado
1206,noche,con niebla,Ruido elevado
2253,día,parcialemente nublado,Ruido elevado
1894,noche,parcialemente nublado,Ruido elevado
1671,día,soleado,Ruido elevado
1081,noche,con niebla,Ruido elevado
2082,día,parcialemente nublado,Ruido elevado
2240,noche,parcialemente nublado,Ruido elevado
2392,día,soleado,Ruido elevado
3734,noche,con niebla,Ruido elevado
2556,día,parcialemente nublado,Ruido elevado
3273,noche,parcialemente nublado,Ruido elevado
1307,día,soleado,Ruido elevado
1346,noche,con niebla,Ruido elevado
2897,día,parcialemente nublado,Ruido elevado
684,noche,parcialemente nublado,Ruido elevado
2407,día,soleado,Ruido elevado
1072,noche,con niebla,Ruido elevado
1874,día,parcialemente nublado,Ruido elevado
1367,noche,parcialemente nublado,Ruido elevado
2277,día,soleado,Ruido elevado
1869,noche,con niebla,Ruido elevado
3200,día,parcialemente nublado,Ruido elevado
1140,noche,parcialemente nublado,Ruido elevado
1564,día,soleado,Ruido elevado
2131,noche,con niebla,Ruido elevado
2668,día,parcialemente nublado,Ruido elevado
2125,noche,parcialemente nublado,Ruido elevado
1980,día,soleado,Ruido elevado
2592,noche,con niebla,Ruido elevado
2300,día,parcialemente nublado,Ruido elevado
3175,noche,parcialemente nublado,Ruido elevado
2418,día,soleado,Ruido elevado
767,noche,con niebla,Ruido elevado
1220,día,parcialemente nublado,Ruido elevado
2184,noche,parcialemente nublado,Ruido elevado
945,día,soleado,Ruido elevado
1766,noche,con niebla,Ruido elevado
1082,día,parcialemente nublado,Ruido elevado
1643,noche,parcialemente nublado,Ruido elevado
1437,día,soleado,Ruido elevado
2393,noche,con niebla,Ruido elevado
2069,día,parcialemente nublado,Ruido elevado
953,noche,parcialemente nublado,Ruido elevado
2979,día,soleado,Ruido elevado
3322,noche,con niebla,Ruido elevado
5562,día,parcialemente nublado,Ruido elevado
3710,noche,parcialemente nublado,Ruido elevado
3728,día,soleado,Ruido elevado
4002,noche,con niebla,Ruido elevado
2558,día,parcialemente nublado,Ruido elevado
6730,noche,parcialemente nublado,Ruido elevado
5527,día,soleado,Ruido elevado
4050,noche,con niebla,Ruido elevado
5243,día,parcialemente nublado,Ruido elevado
2476,noche,parcialemente nublado,Ruido elevado
4575,día,soleado,Ruido elevado
3942,noche,con niebla,Ruido elevado
4257,día,parcialemente nublado,Ruido elevado
2314,noche,parcialemente nublado,Ruido elevado
3202,día,soleado,Ruido elevado
2321,noche,con niebla,Ruido elevado
3018,día,parcialemente nublado,Ruido elevado
1924,noche,parcialemente nublado,Ruido elevado
3166,día,soleado,Ruido elevado
2498,noche,con niebla,Ruido elevado
3004,día,parcialemente nublado,Ruido elevado
3603,noche,parcialemente nublado,Ruido elevado
3014,día,soleado,Ruido elevado
4210,noche,con niebla,Ruido elevado
1902,día,parcialemente nublado,Ruido elevado
5145,noche,parcialemente nublado,Ruido elevado
2928,día,soleado,Ruido elevado
2841,noche,con niebla,Ruido elevado
2179,día,parcialemente nublado,Ruido elevado
1690,noche,parcialemente nublado,Ruido elevado
1444,día,soleado,Ruido elevado
2597,noche,con niebla,Ruido elevado
2949,día,parcialemente nublado,Ruido elevado
3595,noche,parcialemente nublado,Ruido elevado
7193,día,soleado,Ruido elevado
5771,noche,con niebla,Ruido elevado
3765,día,parcialemente nublado,Ruido elevado
4798,noche,parcialemente nublado,Ruido elevado
4972,día,soleado,Ruido elevado
4096,noche,con niebla,Ruido elevado
4029,día,parcialemente nublado,Ruido elevado
4858,noche,parcialemente nublado,Ruido elevado
3404,día,soleado,Ruido elevado
5010,noche,con niebla,Ruido elevado
2749,día,parcialemente nublado,Ruido elevado
4179,noche,parcialemente nublado,Ruido elevado
4935,día,soleado,Ruido elevado
4273,noche,con niebla,Ruido elevado
3132,día,parcialemente nublado,Ruido elevado
4154,noche,parcialemente nublado,Ruido elevado
4257,día,soleado,Ruido elevado
4402,noche,con niebla,Ruido elevado
3721,día,parcialemente nublado,Ruido elevado
4393,noche,parcialemente nublado,Ruido elevado
3909,día,soleado,Ruido elevado
1094,noche,con niebla,Ruido elevado
470,día,parcialemente nublado,Ruido elevado
254,noche,parcialemente nublado,Ruido elevado
221,día,soleado,Ruido elevado
225,noche,con niebla,Ruido elevado
356,día,parcialemente nublado,Ruido elevado
237,noche,parcialemente nublado,Ruido elevado
263,día,soleado,Ruido elevado
152,noche,con niebla,Ruido elevado
1607,día,parcialemente nublado,Ruido elevado
391,noche,parcialemente nublado,Ruido elevado
2056,día,soleado,Ruido elevado
545,noche,con niebla,Ruido elevado
853,día,parcialemente nublado,Ruido elevado
1228,noche,parcialemente nublado,Ruido elevado
3759,día,soleado,Ruido elevado
1341,noche,con niebla,Ruido elevado
4459,día,parcialemente nublado,Ruido elevado
704,noche,parcialemente nublado,Ruido elevado
394,día,soleado,Ruido elevado
539,noche,con niebla,Ruido elevado
879,día,parcialemente nublado,Ruido elevado
602,noche,parcialemente nublado,Ruido elevado
1867,día,soleado,Ruido elevado
496,noche,con niebla,Ruido elevado
536,día,parcialemente nublado,Ruido elevado
1410,noche,parcialemente nublado,Ruido elevado
739,día,soleado,Ruido elevado
3008,noche,con niebla,Ruido elevado
1711,día,parcialemente nublado,Ruido elevado
1508,noche,parcialemente nublado,Ruido elevado
2271,día,soleado,Ruido elevado
1401,noche,con niebla,Ruido elevado
564,día,parcialemente nublado,Ruido elevado
1645,noche,parcialemente nublado,Ruido elevado
450,día,soleado,Ruido elevado
270,noche,con niebla,Ruido elevado
473,día,parcialemente nublado,Ruido elevado
456,noche,parcialemente nublado,Ruido elevado
226,día,soleado,Ruido elevado
402,noche,con niebla,Ruido elevado
666,día,parcialemente nublado,Ruido elevado
2621,noche,parcialemente nublado,Ruido elevado
1289,día,soleado,Ruido elevado
1434,noche,con niebla,Ruido elevado
7243,día,parcialemente nublado,Ruido elevado
1999,noche,parcialemente nublado,Ruido elevado
2534,día,soleado,Ruido elevado
1228,noche,con niebla,Ruido elevado
3223,día,parcialemente nublado,Ruido elevado
5188,noche,parcialemente nublado,Ruido elevado
5235,día,soleado,Ruido elevado
1417,noche,con niebla,Ruido elevado
725,día,parcialemente nublado,Ruido elevado
2107,noche,parcialemente nublado,Ruido elevado
1162,día,soleado,Ruido elevado
5024,noche,con niebla,Ruido elevado
1869,día,parcialemente nublado,Ruido elevado
1778,noche,parcialemente nublado,Ruido elevado
4604,día,soleado,Ruido elevado
4705,noche,con niebla,Ruido elevado
4512,día,parcialemente nublado,Ruido elevado
1801,noche,parcialemente nublado,Ruido elevado
4483,día,soleado,Ruido elevado
5348,noche,con niebla,Ruido elevado
4645,día,parcialemente nublado,Ruido elevado
4148,noche,parcialemente nublado,Ruido elevado
4901,día,soleado,Ruido elevado
2983,noche,con niebla,Ruido elevado
2343,día,parcialemente nublado,Ruido elevado
3253,noche,parcialemente nublado,Ruido elevado
3009,día,soleado,Ruido elevado
3778,noche,con niebla,Ruido elevado
3573,día,parcialemente nublado,Ruido elevado
3424,noche,parcialemente nublado,Ruido elevado
3242,día,soleado,Ruido elevado
2273,noche,con niebla,Ruido elevado
2446,día,parcialemente nublado,Ruido elevado
997,noche,parcialemente nublado,Ruido elevado
1720,día,soleado,Ruido elevado
6023,noche,con niebla,Ruido elevado
5071,día,parcialemente nublado,Ruido elevado
3180,noche,parcialemente nublado,Ruido elevado
3003,día,soleado,Ruido elevado
5741,noche,con niebla,Ruido elevado
4686,día,parcialemente nublado,Ruido elevado
2824,noche,parcialemente nublado,Ruido elevado
6413,día,soleado,Ruido elevado
3148,noche,con niebla,Ruido elevado
4505,día,parcialemente nublado,Ruido elevado
5001,noche,parcialemente nublado,Ruido elevado
5210,día,soleado,Ruido elevado
5935,noche,con niebla,Ruido elevado
4703,día,parcialemente nublado,Ruido elevado
4830,noche,parcialemente nublado,Ruido elevado
5886,día,soleado,Ruido elevado
3671,noche,con niebla,Ruido elevado
4030,día,parcialemente nublado,Ruido elevado
2845,noche,parcialemente nublado,Ruido elevado
6300,día,soleado,Ruido elevado
3789,noche,con niebla,Ruido elevado
5166,día,parcialemente nublado,Ruido elevado
4552,noche,parcialemente nublado,Ruido elevado
4495,día,soleado,Ruido elevado
5336,noche,con niebla,Ruido elevado
4410,día,parcialemente nublado,Ruido elevado
4306,noche,parcialemente nublado,Ruido elevado
6552,día,soleado,Ruido elevado
5759,noche,con niebla,Ruido elevado
6093,día,parcialemente nublado,Ruido elevado
3412,noche,parcialemente nublado,Ruido elevado
4037,día,soleado,Ruido elevado
2440,noche,con niebla,Ruido elevado
3833,día,parcialemente nublado,Ruido elevado
3097,noche,parcialemente nublado,Ruido elevado
2481,día,soleado,Ruido elevado
4142,noche,con niebla,Ruido elevado
5399,día,parcialemente nublado,Ruido elevado
4693,noche,parcialemente nublado,Ruido elevado
7319,día,soleado,Ruido elevado
3948,noche,con niebla,Ruido elevado
5380,día,parcialemente nublado,Ruido elevado
5760,noche,parcialemente nublado,Ruido elevado
4173,día,soleado,Ruido elevado
4842,noche,con niebla,Ruido elevado
3331,día,parcialemente nublado,Ruido elevado
3122,noche,parcialemente nublado,Ruido elevado
3823,día,soleado,Ruido elevado
6052,noche,con niebla,Ruido elevado
6844,día,parcialemente nublado,Ruido elevado
6388,noche,parcialemente nublado,Ruido elevado
2661,día,soleado,Ruido elevado
5862,noche,con niebla,Ruido elevado
5955,día,parcialemente nublado,Ruido elevado
8572,noche,parcialemente nublado,Ruido elevado
3354,día,soleado,Ruido elevado
3429,noche,con niebla,Ruido elevado
5397,día,parcialemente nublado,Ruido elevado
5163,noche,parcialemente nublado,Ruido elevado
5812,día,soleado,Ruido elevado
6272,noche,con niebla,Ruido elevado
2856,día,parcialemente nublado,Ruido elevado
3052,noche,parcialemente nublado,Ruido elevado
6145,día,soleado,Ruido elevado
7211,noche,con niebla,Ruido elevado
5378,día,parcialemente nublado,Ruido elevado
5775,noche,parcialemente nublado,Ruido elevado
5400,día,soleado,Ruido elevado
5577,noche,con niebla,Ruido elevado
4755,día,parcialemente nublado,Ruido elevado
5666,noche,parcialemente nublado,Ruido elevado
4196,día,soleado,Ruido elevado
5188,noche,con niebla,Ruido elevado
4642,día,parcialemente nublado,Ruido elevado
5268,noche,parcialemente nublado,Ruido elevado
6616,día,soleado,Ruido elevado
5049,noche,con niebla,Ruido elevado
4468,día,parcialemente nublado,Ruido elevado
2742,noche,parcialemente nublado,Ruido elevado
2699,día,soleado,Ruido elevado
2519,noche,con niebla,Ruido elevado
2080,día,parcialemente nublado,Ruido elevado
5823,noche,parcialemente nublado,Ruido elevado
7790,día,soleado,Ruido elevado
3922,noche,con niebla,Ruido elevado
6127,día,parcialemente nublado,Ruido elevado
3015,noche,parcialemente nublado,Ruido elevado
5955,día,soleado,Ruido elevado
4780,noche,con niebla,Ruido elevado
2835,día,parcialemente nublado,Ruido elevado
4436,noche,parcialemente nublado,Ruido elevado
5514,día,soleado,Ruido elevado
4654,noche,con niebla,Ruido elevado
3945,día,parcialemente nublado,Ruido elevado
5540,noche,parcialemente nublado,Ruido elevado
6218,día,soleado,Ruido elevado
6238,noche,con niebla,Ruido elevado
6385,día,parcialemente nublado,Ruido elevado
6321,noche,parcialemente nublado,Ruido elevado
3467,día,soleado,Ruido elevado
5667,noche,con niebla,Ruido elevado
3684,día,parcialemente nublado,Ruido elevado
3535,noche,parcialemente nublado,Ruido elevado
2691,día,soleado,Ruido elevado
2968,noche,con niebla,Ruido elevado
1177,día,parcialemente nublado,Ruido elevado
3597,noche,parcialemente nublado,Ruido elevado
2108,día,soleado,Ruido elevado
501,noche,con niebla,Ruido elevado
2468,día,parcialemente nublado,Ruido elevado
5572,noche,parcialemente nublado,Ruido elevado
3549,día,soleado,Ruido elevado
4271,noche,con niebla,Ruido elevado
6635,día,parcialemente nublado,Ruido elevado
3908,noche,parcialemente nublado,Ruido elevado
1034,día,soleado,Ruido elevado
7815,noche,con niebla,Ruido elevado
5052,día,parcialemente nublado,Ruido elevado
1590,noche,parcialemente nublado,Ruido elevado
1302,día,soleado,Ruido elevado
4720,noche,con niebla,Ruido elevado
2191,día,parcialemente nublado,Ruido elevado
6752,noche,parcialemente nublado,Ruido elevado
3760,día,soleado,Ruido elevado
5233,noche,con niebla,Ruido elevado
4182,día,parcialemente nublado,Ruido elevado
1487,noche,parcialemente nublado,Ruido elevado
6410,día,soleado,Ruido elevado
3162,noche,con niebla,Ruido elevado
5332,día,parcialemente nublado,Ruido elevado
5263,noche,parcialemente nublado,Ruido elevado
5066,día,soleado,Ruido elevado
6463,noche,con niebla,Ruido elevado
2689,día,parcialemente nublado,Ruido elevado
737,noche,parcialemente nublado,Ruido elevado
1420,día,soleado,Ruido elevado
2993,noche,con niebla,Ruido elevado
5,día,parcialmente nublado,Ambiente tranquilo
5,día,parcialmente nublado,Ambiente tranquilo
18,día,parcialmente nublado,Ambiente tranquilo
13,día,soleado,Ambiente tranquilo
8,día,soleado,Ambiente tranquilo
27,día,soleado,Ambiente tranquilo
10,día,parcialmente nublado,Ambiente tranquilo
30,día,parcialmente nublado,Ambiente tranquilo
9,día,soleado,Ambiente tranquilo
2,día,soleado,Ambiente tranquilo
2,día,parcialmente nublado,Ambiente tranquilo
3,día,soleado,Ambiente tranquilo
2,día,parcialmente nublado,Ambiente tranquilo
2,día,soleado,Ambiente tranquilo
4,día,parcialmente nublado,Ambiente tranquilo
1,día,soleado,Ambiente tranquilo
3,día,parcialmente nublado,Ambiente tranquilo
2,día,parcialmente nublado,Ambiente tranquilo
3,día,soleado,Ambiente tranquilo
2,día,soleado,Ambiente tranquilo
7,día,parcialmente nublado,Ambiente tranquilo
3,día,soleado,Ambiente tranquilo
3,día,parcialmente nublado,Ambiente tranquilo
3,día,soleado,Ambiente tranquilo
4,día,parcialmente nublado,Ambiente tranquilo
4,día,parcialmente nublado,Ambiente tranquilo
3,día,soleado,Ambiente tranquilo
13,día,parcialmente nublado,Ambiente tranquilo
6,día,soleado,Ambiente tranquilo
3,día,soleado,Ambiente tranquilo
10,día,parcialmente nublado,Ambiente tranquilo
4,día,soleado,Ambiente tranquilo
815,día,soleado,Pico inesperado
1628,día,parcialmente nublado,Pico inesperado
836,día,soleado,Pico inesperado
100,día,parcialmente nublado,Pico inesperado
727,día,soleado,Pico inesperado
1105,día,parcialmente nublado,Pico inesperado
11,día,parcialmente nublado,Ambiente tranquilo
13,día,soleado,Ambiente tranquilo
3,día,soleado,Ambiente tranquilo
6,día,soleado,Ambiente tranquilo
15,día,parcialmente nublado,Ambiente tranquilo
24,día,parcialmente nublado,Ambiente tranquilo
16,día,parcialmente nublado,Ambiente tranquilo
14,día,parcialmente nublado,Ambiente tranquilo
3,día,parcialmente nublado,Ambiente tranquilo
4,día,parcialmente nublado,Ambiente tranquilo
3,día,soleado,Ambiente tranquilo
3,día,parcialmente nublado,Ambiente tranquilo
19,día,parcialmente nublado,Ambiente tranquilo
5,día,soleado,Ambiente tranquilo
15,día,parcialmente nublado,Ambiente tranquilo
64,día,parcialmente nublado,Ambiente tranquilo
5,día,soleado,Ambiente tranquilo
10,día,parcialmente nublado,Ambiente tranquilo
8,día,parcialmente nublado,Ambiente tranquilo
8,día,parcialmente nublado,Ambiente tranquilo
8,día,parcialmente nublado,Ambiente tranquilo
5,día,parcialmente nublado,Ambiente tranquilo
3,día,soleado,Ambiente tranquilo
2,día,soleado,Ambiente tranquilo
10,día,soleado,Ambiente tranquilo
11,día,parcialmente nublado,Ambiente tranquilo
5,día,parcialmente nublado,Ambiente tranquilo
1024,día,parcialmente nublado,Pico inesperado
400,día,parcialmente nublado,Pico inesperado
3369,día,soleado,Pico inesperado
947,día,soleado,Pico inesperado
1389,día,parcialmente nublado,Pico inesperado
1491,día,parcialmente nublado,Pico inesperado
22,día,soleado,Ambiente tranquilo
5,día,parcialmente nublado,Ambiente tranquilo
14,día,parcialmente nublado,Ambiente tranquilo
7,día,soleado,Ambiente tranquilo
5,día,soleado,Ambiente tranquilo
7,día,soleado,Ambiente tranquilo
3,día,parcialmente nublado,Ambiente tranquilo
2,día,parcialmente nublado,Ambiente tranquilo
5,día,soleado,Ambiente tranquilo
7,día,soleado,Ambiente tranquilo
3,día,parcialmente nublado,Ambiente tranquilo
3,día,parcialmente nublado,Ambiente tranquilo
3,día,parcialmente nublado,Ambiente tranquilo
1,día,soleado,Ambiente tranquilo
60,día,soleado,Ambiente tranquilo
3,día,soleado,Ambiente tranquilo
3,día,parcialmente nublado,Ambiente tranquilo
7,día,parcialmente nublado,Ambiente tranquilo
5,día,soleado,Ambiente tranquilo
9,día,soleado,Ambiente tranquilo
7,día,parcialmente nublado,Ambiente tranquilo
4,día,parcialmente nublado,Ambiente tranquilo
4,día,parcialmente nublado,Ambiente tranquilo
1,día,parcialmente nublado,Ambiente tranquilo
812,día,soleado,Pico inesperado
1609,día,soleado,Pico inesperado
898,día,soleado,Pico inesperado
900,día,parcialmente nublado,Pico inesperado
118,día,parcialmente nublado,Pico inesperado
1091,día,parcialmente nublado,Pico inesperado
304,día,parcialmente nublado,Pico inesperado
819,día,parcialmente nublado,Pico inesperado
1018,día,parcialmente nublado,Pico inesperado
99,día,parcialmente nublado,Pico inesperado
472,día,parcialmente nublado,Pico inesperado
638,día,soleado,Pico inesperado
1783,día,parcialmente nublado,Pico inesperado
7,día,parcialmente nublado,Ambiente tranquilo
4,día,soleado,Ambiente tranquilo
4,día,parcialmente nublado,Ambiente tranquilo
2,día,parcialmente nublado,Ambiente tranquilo
2,día,soleado,Ambiente tranquilo
4,día,parcialmente nublado,Ambiente tranquilo
3,día,soleado,Ambiente tranquilo
5,día,parcialmente nublado,Ambiente tranquilo
6,día,soleado,Ambiente tranquilo
3,día,soleado,Ambiente tranquilo
1,día,soleado,Ambiente tranquilo
2,día,soleado,Ambiente tranquilo
2,día,parcialmente nublado,Ambiente tranquilo
1,día,soleado,Ambiente tranquilo
3,día,parcialmente nublado,Ambiente tranquilo
1,día,parcialmente nublado,Ambiente tranquilo
2,día,parcialmente nublado,Ambiente tranquilo
3,día,soleado,Ambiente tranquilo
2,día,soleado,Ambiente tranquilo
2,día,parcialmente nublado,Ambiente tranquilo
2,día,soleado,Ambiente tranquilo
3,día,soleado,Ambiente tranquilo
1,día,parcialmente nublado,Ambiente tranquilo
3,día,parcialmente nublado,Ambiente tranquilo
1,día,parcialmente nublado,Ambiente tranquilo
1,día,soleado,Ambiente tranquilo
2,día,soleado,Ambiente tranquilo
2,día,parcialmente nublado,Ambiente tranquilo
2,día,parcialmente nublado,Ambiente tranquilo
2,día,soleado,Ambiente tranquilo
1,día,parcialmente nublado,Ambiente tranquilo
2,día,parcialmente nublado,Ambiente tranquilo
3,día,parcialmente nublado,Ambiente tranquilo
4,día,soleado,Ambiente tranquilo
3,día,parcialmente nublado,Ambiente tranquilo
2,día,soleado,Ambiente tranquilo
2,día,parcialmente nublado,Ambiente tranquilo
2,día,parcialmente nublado,Ambiente tranquilo
3,día,parcialmente nublado,Ambiente tranquilo
3,día,soleado,Ambiente tranquilo
2,día,parcialmente nublado,Ambiente tranquilo
1,día,soleado,Ambiente tranquilo
2,día,parcialmente nublado,Ambiente tranquilo
6,día,parcialmente nublado,Ambiente tranquilo
3,día,soleado,Ambiente tranquilo
4,día,parcialmente nublado,Ambiente tranquilo
4,día,parcialmente nublado,Ambiente tranquilo
2,día,parcialmente nublado,Ambiente tranquilo
2,día,soleado,Ambiente tranquilo
3,día,parcialmente nublado,Ambiente tranquilo
2,día,soleado,Ambiente tranquilo
2,día,soleado,Ambiente tranquilo
3,día,soleado,Ambiente tranquilo
2,día,parcialmente nublado,Ambiente tranquilo
3,día,parcialmente nublado,Ambiente tranquilo
3,día,parcialmente nublado,Ambiente tranquilo
2,día,parcialmente nublado,Ambiente tranquilo
224,día,parcialmente nublado,Pico inesperado
264,día,parcialmente nublado,Pico inesperado
498,día,parcialmente nublado,Pico inesperado
291,día,soleado,Pico inesperado
400,día,soleado,Pico inesperado
245,día,parcialmente nublado,Pico inesperado
11,día,parcialmente nublado,Ambiente tranquilo
4,día,parcialmente nublado,Ambiente tranquilo
2,día,soleado,Ambiente tranquilo
7,día,soleado,Ambiente tranquilo
6,día,parcialmente nublado,Ambiente tranquilo
3,día,soleado,Ambiente tranquilo
8,día,parcialmente nublado,Ambiente tranquilo
6,día,parcialmente nublado,Ambiente tranquilo
5,día,parcialmente nublado,Ambiente tranquilo
3,día,soleado,Ambiente tranquilo
4,día,parcialmente nublado,Ambiente tranquilo
4,día,parcialmente nublado,Ambiente tranquilo
3,día,soleado,Ambiente tranquilo
5,día,soleado,Ambiente tranquilo
7,día,parcialmente nublado,Ambiente tranquilo
7,día,soleado,Ambiente tranquilo
6,día,parcialmente nublado,Ambiente tranquilo
5,día,parcialmente nublado,Ambiente tranquilo
9,día,soleado,Ambiente tranquilo
9,día,soleado,Ambiente tranquilo
5,día,parcialmente nublado,Ambiente tranquilo
2,día,parcialmente nublado,Ambiente tranquilo
9,día,parcialmente nublado,Ambiente tranquilo
17,día,parcialmente nublado,Ambiente tranquilo
47,día,soleado,Ambiente tranquilo
9,día,soleado,Ambiente tranquilo
3,día,parcialmente nublado,Ambiente tranquilo
7,día,soleado,Ambiente tranquilo
5,día,soleado,Ambiente tranquilo
3,día,soleado,Ambiente tranquilo
8,día,soleado,Ambiente tranquilo
5,día,parcialmente nublado,Ambiente tranquilo
10,día,soleado,Ambiente tranquilo
4,día,parcialmente nublado,Ambiente tranquilo
4,día,soleado,Ambiente tranquilo
3,día,parcialmente nublado,Ambiente tranquilo
7,día,parcialmente nublado,Ambiente tranquilo
6,día,soleado,Ambiente tranquilo
3,día,soleado,Ambiente tranquilo
4,día,parcialmente nublado,Ambiente tranquilo
3,día,parcialmente nublado,Ambiente tranquilo
3,día,parcialmente nublado,Ambiente tranquilo
3,día,parcialmente nublado,Ambiente tranquilo
4,día,parcialmente nublado,Ambiente tranquilo
2,día,soleado,Ambiente tranquilo
3,día,parcialmente nublado,Ambiente tranquilo
3,día,soleado,Ambiente tranquilo
6,día,parcialmente nublado,Ambiente tranquilo
4,día,parcialmente nublado,Ambiente tranquilo
5,día,parcialmente nublado,Ambiente tranquilo
2,día,soleado,Ambiente tranquilo
3,día,parcialmente nublado,Ambiente tranquilo
2,día,parcialmente nublado,Ambiente tranquilo
4,día,parcialmente nublado,Ambiente tranquilo
2,día,soleado,Ambiente tranquilo
2,día,soleado,Ambiente tranquilo
3,día,parcialmente nublado,Ambiente tranquilo
3,día,soleado,Ambiente tranquilo
2,día,parcialmente nublado,Ambiente tranquilo
3,día,parcialmente nublado,Ambiente tranquilo
5,día,parcialmente nublado,Ambiente tranquilo
4,día,parcialmente nublado,Ambiente tranquilo
9,día,soleado,Ambiente tranquilo
3,día,parcialmente nublado,Ambiente tranquilo
5,día,parcialmente nublado,Ambiente tranquilo
5,día,soleado,Ambiente tranquilo
2,día,soleado,Ambiente tranquilo
1511,día,parcialmente nublado,Pico inesperado
2105,día,parcialmente nublado,Pico inesperado
691,día,parcialmente nublado,Pico inesperado
1881,día,parcialmente nublado,Pico inesperado
1489,día,parcialmente nublado,Pico inesperado
2182,día,soleado,Pico inesperado
1261,día,soleado,Pico inesperado
758,día,parcialmente nublado,Pico inesperado
837,día,soleado,Pico inesperado
6,día,soleado,Ambiente tranquilo
9,día,parcialmente nublado,Ambiente tranquilo
2,día,parcialmente nublado,Ambiente tranquilo
6,día,soleado,Ambiente tranquilo
10,día,parcialmente nublado,Ambiente tranquilo
4,día,soleado,Ambiente tranquilo
2,día,soleado,Ambiente tranquilo
4,día,soleado,Ambiente tranquilo
5,día,soleado,Ambiente tranquilo
60,día,parcialmente nublado,Ambiente tranquilo
3,día,soleado,Ambiente tranquilo
3,día,parcialmente nublado,Ambiente tranquilo
6,día,soleado,Ambiente tranquilo
3,día,parcialmente nublado,Ambiente tranquilo
4,día,soleado,Ambiente tranquilo
5,día,parcialmente nublado,Ambiente tranquilo
5,día,soleado,Ambiente tranquilo
7,día,parcialmente nublado,Ambiente tranquilo
3,día,parcialmente nublado,Ambiente tranquilo
5,día,parcialmente nublado,Ambiente tranquilo
2,día,soleado,Ambiente tranquilo
6,día,soleado,Ambiente tranquilo
8,día,soleado,Ambiente tranquilo
8,día,parcialmente nublado,Ambiente tranquilo
3,día,parcialmente nublado,Ambiente tranquilo
7,día,soleado,Ambiente tranquilo
7,día,soleado,Ambiente tranquilo
5,día,soleado,Ambiente tranquilo
6,día,parcialmente nublado,Ambiente tranquilo
13,día,soleado,Ambiente tranquilo
55,día,parcialmente nublado,Ambiente tranquilo
8,día,parcialmente nublado,Ambiente tranquilo
11,día,soleado,Ambiente tranquilo
9,día,soleado,Ambiente tranquilo
5,día,parcialmente nublado,Ambiente tranquilo
6,día,parcialmente nublado,Ambiente tranquilo
5,día,soleado,Ambiente tranquilo
4,día,soleado,Ambiente tranquilo
4,día,soleado,Ambiente tranquilo
10,día,parcialmente nublado,Ambiente tranquilo
7,día,soleado,Ambiente tranquilo
11,día,parcialmente nublado,Ambiente tranquilo
9,día,soleado,Ambiente tranquilo
9,día,parcialmente nublado,Ambiente tranquilo
7,día,parcialmente nublado,Ambiente tranquilo
4,día,soleado,Ambiente tranquilo
8,día,parcialmente nublado,Ambiente tranquilo
8,día,soleado,Ambiente tranquilo
3,día,soleado,Ambiente tranquilo
5,día,parcialmente nublado,Ambiente tranquilo
8,día,soleado,Ambiente tranquilo
6,día,soleado,Ambiente tranquilo
10,día,soleado,Ambiente tranquilo
12,día,parcialmente nublado,Ambiente tranquilo
10,día,parcialmente nublado,Ambiente tranquilo
9,día,soleado,Ambiente tranquilo
3,día,soleado,Ambiente tranquilo
7,día,parcialmente nublado,Ambiente tranquilo
8,noche,con niebla,Ambiente tranquilo
7,noche,parcialmente nublado,Ambiente tranquilo
4,noche,parcialmente nublado,Ambiente tranquilo
4,noche,con niebla,Ambiente tranquilo
3,noche,parcialmente nublado,Ambiente tranquilo
7,noche,parcialmente nublado,Ambiente tranquilo
3,noche,parcialmente nublado,Ambiente tranquilo
3,noche,parcialmente nublado,Ambiente tranquilo
4,noche,con niebla,Ambiente tranquilo
5,noche,con niebla,Ambiente tranquilo
7,noche,con niebla,Ambiente tranquilo
4,noche,con niebla,Ambiente tranquilo
3,noche,con niebla,Ambiente tranquilo
4,noche,parcialmente nublado,Ambiente tranquilo
3,noche,con niebla,Ambiente tranquilo
5,noche,parcialmente nublado,Ambiente tranquilo
2,noche,con niebla,Ambiente tranquilo
1256,noche,parcialmente nublado,Pico inesperado
1853,noche,parcialmente nublado,Pico inesperado
1257,noche,parcialmente nublado,Pico inesperado
1882,noche,parcialmente nublado,Pico inesperado
2218,noche,parcialmente nublado,Pico inesperado
1791,noche,parcialmente nublado,Pico inesperado
1467,noche,parcialmente nublado,Pico inesperado
1117,noche,con niebla,Pico inesperado
1587,noche,parcialmente nublado,Pico inesperado
2551,noche,con niebla,Pico inesperado
1902,noche,con niebla,Pico inesperado
17,noche,parcialmente nublado,Ambiente tranquilo
5,noche,con niebla,Ambiente tranquilo
2,noche,parcialmente nublado,Ambiente tranquilo
3,noche,con niebla,Ambiente tranquilo
2,noche,con niebla,Ambiente tranquilo
2,noche,con niebla,Ambiente tranquilo
2,noche,con niebla,Ambiente tranquilo
2,noche,con niebla,Ambiente tranquilo
2,noche,con niebla,Ambiente tranquilo
24,noche,parcialmente nublado,Ambiente tranquilo
4,noche,con niebla,Ambiente tranquilo
1,noche,parcialmente nublado,Ambiente tranquilo
6,noche,con niebla,Ambiente tranquilo
3,noche,con niebla,Ambiente tranquilo
2,noche,parcialmente nublado,Ambiente tranquilo
2,noche,con niebla,Ambiente tranquilo
2,noche,parcialmente nublado,Ambiente tranquilo
2,noche,con niebla,Ambiente tranquilo
2,noche,parcialmente nublado,Ambiente tranquilo
4,noche,parcialmente nublado,Ambiente tranquilo
2,noche,parcialmente nublado,Ambiente tranquilo
3,noche,con niebla,Ambiente tranquilo
5,noche,con niebla,Ambiente tranquilo
2,noche,con niebla,Ambiente tranquilo
3,noche,con niebla,Ambiente tranquilo
3,noche,parcialmente nublado,Ambiente tranquilo
3,noche,parcialmente nublado,Ambiente tranquilo
2,noche,con niebla,Ambiente tranquilo
2,noche,con niebla,Ambiente tranquilo
2,noche,parcialmente nublado,Ambiente tranquilo
3,noche,con niebla,Ambiente tranquilo
3,noche,con niebla,Ambiente tranquilo
2,noche,parcialmente nublado,Ambiente tranquilo
3,noche,parcialmente nublado,Ambiente tranquilo
4,noche,con niebla,Ambiente tranquilo
4,noche,con niebla,Ambiente tranquilo
4,noche,con niebla,Ambiente tranquilo
2,noche,parcialmente nublado,Ambiente tranquilo
2,noche,parcialmente nublado,Ambiente tranquilo
3,noche,con niebla,Ambiente tranquilo
4,noche,con niebla,Ambiente tranquilo
3,noche,con niebla,Ambiente tranquilo
3,noche,con niebla,Ambiente tranquilo
4,noche,parcialmente nublado,Ambiente tranquilo
2,noche,parcialmente nublado,Ambiente tranquilo
5,noche,con niebla,Ambiente tranquilo
3,noche,parcialmente nublado,Ambiente tranquilo
3,noche,parcialmente nublado,Ambiente tranquilo
5,noche,parcialmente nublado,Ambiente tranquilo
4,noche,con niebla,Ambiente tranquilo
4,noche,con niebla,Ambiente tranquilo
1,noche,con niebla,Ambiente tranquilo
5,noche,parcialmente nublado,Ambiente tranquilo
3,noche,con niebla,Ambiente tranquilo
5,noche,parcialmente nublado,Ambiente tranquilo
6,noche,parcialmente nublado,Ambiente tranquilo
6,noche,parcialmente nublado,Ambiente tranquilo
5,noche,con niebla,Ambiente tranquilo
3,noche,parcialmente nublado,Ambiente tranquilo
4,noche,parcialmente nublado,Ambiente tranquilo
3,noche,con niebla,Ambiente tranquilo
4,noche,parcialmente nublado,Ambiente tranquilo
4,noche,con niebla,Ambiente tranquilo
2,noche,con niebla,Ambiente tranquilo
4,noche,con niebla,Ambiente tranquilo
7,noche,con niebla,Ambiente tranquilo
4,noche,parcialmente nublado,Ambiente tranquilo
3,noche,parcialmente nublado,Ambiente tranquilo
2033,noche,parcialmente nublado,Pico inesperado
1149,noche,con niebla,Pico inesperado
1112,noche,parcialmente nublado,Pico inesperado
624,noche,con niebla,Pico inesperado
1775,noche,parcialmente nublado,Pico inesperado
1894,noche,parcialmente nublado,Pico inesperado
2536,noche,parcialmente nublado,Pico inesperado
1562,noche,parcialmente nublado,Pico inesperado
1529,noche,parcialmente nublado,Pico inesperado
1723,noche,parcialmente nublado,Pico inesperado
22,noche,con niebla,Ambiente tranquilo
4,noche,con niebla,Ambiente tranquilo
6,noche,con niebla,Ambiente tranquilo
3,noche,parcialmente nublado,Ambiente tranquilo
8,noche,parcialmente nublado,Ambiente tranquilo
11,noche,parcialmente nublado,Ambiente tranquilo
6,noche,parcialmente nublado,Ambiente tranquilo
6,noche,con niebla,Ambiente tranquilo
4,noche,parcialmente nublado,Ambiente tranquilo
5,noche,con niebla,Ambiente tranquilo
8,noche,con niebla,Ambiente tranquilo
14,noche,parcialmente nublado,Ambiente tranquilo
9,noche,parcialmente nublado,Ambiente tranquilo
9,noche,parcialmente nublado,Ambiente tranquilo
15,noche,con niebla,Ambiente tranquilo
18,noche,parcialmente nublado,Ambiente tranquilo
14,noche,con niebla,Ambiente tranquilo
7,noche,parcialmente nublado,Ambiente tranquilo
6,noche,con niebla,Ambiente tranquilo
2,noche,con niebla,Ambiente tranquilo
5,noche,con niebla,Ambiente tranquilo
4,noche,con niebla,Ambiente tranquilo
10,noche,parcialmente nublado,Ambiente tranquilo
10,noche,parcialmente nublado,Ambiente tranquilo
4,noche,parcialmente nublado,Ambiente tranquilo
7,noche,con niebla,Ambiente tranquilo
4,noche,con niebla,Ambiente tranquilo
3,noche,con niebla,Ambiente tranquilo
2,noche,parcialmente nublado,Ambiente tranquilo
5,noche,con niebla,Ambiente tranquilo
4,noche,con niebla,Ambiente tranquilo
3,noche,con niebla,Ambiente tranquilo
4,noche,parcialmente nublado,Ambiente tranquilo
3,noche,con niebla,Ambiente tranquilo
4,noche,con niebla,Ambiente tranquilo
4,noche,parcialmente nublado,Ambiente tranquilo
3,noche,con niebla,Ambiente tranquilo
3,noche,con niebla,Ambiente tranquilo
8,noche,con niebla,Ambiente tranquilo
2,noche,con niebla,Ambiente tranquilo
2,noche,con niebla,Ambiente tranquilo
4,noche,parcialmente nublado,Ambiente tranquilo
4,noche,parcialmente nublado,Ambiente tranquilo
3,noche,parcialmente nublado,Ambiente tranquilo
4,noche,parcialmente nublado,Ambiente tranquilo
8,noche,parcialmente nublado,Ambiente tranquilo
3,noche,con niebla,Ambiente tranquilo
14,noche,con niebla,Ambiente tranquilo
3,noche,con niebla,Ambiente tranquilo
2,noche,con niebla,Ambiente tranquilo
3,noche,con niebla,Ambiente tranquilo
1792,noche,parcialmente nublado,Pico inesperado
874,noche,con niebla,Pico inesperado
763,noche,parcialmente nublado,Pico inesperado
3242,noche,con niebla,Pico inesperado
698,noche,con niebla,Pico inesperado
1229,noche,parcialmente nublado,Pico inesperado
1983,noche,parcialmente nublado,Pico inesperado
2012,noche,parcialmente nublado,Pico inesperado
3148,noche,con niebla,Pico inesperado
6,noche,con niebla,Ambiente tranquilo
4,noche,con niebla,Ambiente tranquilo
2,noche,con niebla,Ambiente tranquilo
4,noche,con niebla,Ambiente tranquilo
9,noche,parcialmente nublado,Ambiente tranquilo
4,noche,parcialmente nublado,Ambiente tranquilo
4,noche,parcialmente nublado,Ambiente tranquilo
3,noche,parcialmente nublado,Ambiente tranquilo
3,noche,con niebla,Ambiente tranquilo
4,noche,con niebla,Ambiente tranquilo
3,noche,parcialmente nublado,Ambiente tranquilo
3,noche,parcialmente nublado,Ambiente tranquilo
4,noche,parcialmente nublado,Ambiente tranquilo
3,noche,con niebla,Ambiente tranquilo
4,noche,con niebla,Ambiente tranquilo
3,noche,parcialmente nublado,Ambiente tranquilo
5,noche,con niebla,Ambiente tranquilo
4,noche,con niebla,Ambiente tranquilo
3,noche,parcialmente nublado,Ambiente tranquilo
10,noche,parcialmente nublado,Ambiente tranquilo
8,noche,parcialmente nublado,Ambiente tranquilo
10,noche,parcialmente nublado,Ambiente tranquilo
8,noche,parcialmente nublado,Ambiente tranquilo
9,noche,con niebla,Ambiente tranquilo
5,noche,con niebla,Ambiente tranquilo
2,noche,con niebla,Ambiente tranquilo
11,noche,con niebla,Ambiente tranquilo
5,noche,con niebla,Ambiente tranquilo
5,noche,parcialmente nublado,Ambiente tranquilo
5,noche,con niebla,Ambiente tranquilo
7,noche,parcialmente nublado,Ambiente tranquilo
6,noche,con niebla,Ambiente tranquilo
5,noche,parcialmente nublado,Ambiente tranquilo
8,noche,con niebla,Ambiente tranquilo
7,noche,con niebla,Ambiente tranquilo
9,noche,con niebla,Ambiente tranquilo
50,noche,parcialmente nublado,Ambiente tranquilo
12,noche,parcialmente nublado,Ambiente tranquilo
8,noche,con niebla,Ambiente tranquilo
7,noche,parcialmente nublado,Ambiente tranquilo
11,noche,parcialmente nublado,Ambiente tranquilo
6,noche,parcialmente nublado,Ambiente tranquilo
10,noche,parcialmente nublado,Ambiente tranquilo
7,noche,parcialmente nublado,Ambiente tranquilo
4,noche,parcialmente nublado,Ambiente tranquilo
9,noche,parcialmente nublado,Ambiente tranquilo
10,noche,parcialmente nublado,Ambiente tranquilo
9,noche,con niebla,Ambiente tranquilo
7,noche,parcialmente nublado,Ambiente tranquilo
6,noche,parcialmente nublado,Ambiente tranquilo
6,noche,parcialmente nublado,Ambiente tranquilo
3,noche,con niebla,Ambiente tranquilo
6,noche,parcialmente nublado,Ambiente tranquilo
4,noche,con niebla,Ambiente tranquilo
4,noche,con niebla,Ambiente tranquilo
4,noche,con niebla,Ambiente tranquilo
4,noche,con niebla,Ambiente tranquilo
3,noche,parcialmente nublado,Ambiente tranquilo
5,noche,con niebla,Ambiente tranquilo
4,noche,con niebla,Ambiente tranquilo
5,noche,parcialmente nublado,Ambiente tranquilo
3,noche,con niebla,Ambiente tranquilo
5,noche,parcialmente nublado,Ambiente tranquilo
3,noche,con niebla,Ambiente tranquilo
4,noche,parcialmente nublado,Ambiente tranquilo
2,noche,con niebla,Ambiente tranquilo
2,noche,con niebla,Ambiente tranquilo
3,noche,parcialmente nublado,Ambiente tranquilo
2,noche,parcialmente nublado,Ambiente tranquilo
4,noche,con niebla,Ambiente tranquilo
5,noche,parcialmente nublado,Ambiente tranquilo
5,noche,con niebla,Ambiente tranquilo
3,noche,parcialmente nublado,Ambiente tranquilo
3,noche,parcialmente nublado,Ambiente tranquilo
4,noche,parcialmente nublado,Ambiente tranquilo
6,noche,con niebla,Ambiente tranquilo
4,noche,con niebla,Ambiente tranquilo
4,noche,parcialmente nublado,Ambiente tranquilo
4,noche,con niebla,Ambiente tranquilo
2,noche,parcialmente nublado,Ambiente tranquilo
4,noche,parcialmente nublado,Ambiente tranquilo
6,noche,parcialmente nublado,Ambiente tranquilo
2,noche,parcialmente nublado,Ambiente tranquilo
13,noche,con niebla,Ambiente tranquilo
4,noche,parcialmente nublado,Ambiente tranquilo
3,noche,con niebla,Ambiente tranquilo
6,noche,parcialmente nublado,Ambiente tranquilo
3,noche,con niebla,Ambiente tranquilo
2,noche,con niebla,Ambiente tranquilo
3,noche,con niebla,Ambiente tranquilo
4,noche,parcialmente nublado,Ambiente tranquilo
2,noche,parcialmente nublado,Ambiente tranquilo
2,noche,con niebla,Ambiente tranquilo
2,noche,parcialmente nublado,Ambiente tranquilo
2,noche,con niebla,Ambiente tranquilo
7,noche,parcialmente nublado,Ambiente tranquilo
3,noche,con niebla,Ambiente tranquilo
2,noche,parcialmente nublado,Ambiente tranquilo
3,noche,parcialmente nublado,Ambiente tranquilo
2,noche,con niebla,Ambiente tranquilo
3,noche,con niebla,Ambiente tranquilo
3,noche,con niebla,Ambiente tranquilo
1,noche,parcialmente nublado,Ambiente tranquilo
18,noche,parcialmente nublado,Ambiente tranquilo
4,noche,con niebla,Ambiente tranquilo
5,noche,parcialmente nublado,Ambiente tranquilo
2,noche,parcialmente nublado,Ambiente tranquilo
2,noche,con niebla,Ambiente tranquilo
1657,noche,parcialmente nublado,Pico inesperado
3022,noche,con niebla,Pico inesperado
2045,noche,con niebla,Pico inesperado
1782,noche,con niebla,Pico inesperado
1627,noche,parcialmente nublado,Pico inesperado
1635,noche,parcialmente nublado,Pico inesperado
2455,noche,parcialmente nublado,Pico inesperado
2622,noche,con niebla,Pico inesperado
773,noche,con niebla,Pico inesperado
2325,noche,parcialmente nublado,Pico inesperado
1266,noche,parcialmente nublado,Pico inesperado
1293,noche,con niebla,Pico inesperado
132,noche,parcialmente nublado,Pico inesperado
3379,noche,parcialmente nublado,Pico inesperado
952,noche,parcialmente nublado,Pico inesperado
1059,noche,parcialmente nublado,Pico inesperado
1717,noche,con niebla,Pico inesperado
359,noche,parcialmente nublado,Pico inesperado
4,noche,parcialmente nublado,Ambiente tranquilo
3,noche,parcialmente nublado,Ambiente tranquilo
3,noche,parcialmente nublado,Ambiente tranquilo
2,noche,con niebla,Ambiente tranquilo
8,noche,con niebla,Ambiente tranquilo
6,noche,parcialmente nublado,Ambiente tranquilo
5,noche,parcialmente nublado,Ambiente tranquilo
2,noche,con niebla,Ambiente tranquilo
3,noche,parcialmente nublado,Ambiente tranquilo
2,noche,con niebla,Ambiente tranquilo
3,noche,con niebla,Ambiente tranquilo
2,noche,parcialmente nublado,Ambiente tranquilo
3,noche,parcialmente nublado,Ambiente tranquilo
2,noche,parcialmente nublado,Ambiente tranquilo
